t,time,kind,d,age_min,elig_2h,dist,stop_atr,stop_med60,stop_r15,stop_r30,stop_r60,dist_from_flip,ordinal,pnl,pnl_R,const_risk_pnl,why,spread_frac,cost_frac
1782914340,2026-07-01T13:59:00,flip,1,0.0,1,194.53,1.746,2.27,0.329,0.209,0.194,,1,-3.9016,-1.0028,-4.0113,sl,0.036,0.0617
1782915000,2026-07-01T14:10:00,cont,1,1000000000.0,0,442.93,4.088,4.873,0.912,0.534,0.382,,2,7.0869,0.8,3.2,tp,0.0158,0.0271
1782919320,2026-07-01T15:22:00,cont,1,1000000000.0,0,789.62,9.341,9.275,1.758,1.132,0.998,,3,12.6339,0.8,3.2,tp,0.0089,0.0152
1782952200,2026-07-02T00:30:00,flip,-1,0.0,1,167.02,3.127,3.322,0.656,0.559,0.301,0.0,1,-3.3926,-1.0156,-4.0625,sl,0.0419,0.0718
1782954720,2026-07-02T01:12:00,flip,1,0.0,1,172.97,3.373,4.076,0.979,0.595,0.414,0.0,1,2.7675,0.8,3.2,tp,0.0405,0.0694
1782955500,2026-07-02T01:25:00,cont,1,13.0,1,138.24,2.118,3.086,0.553,0.412,0.314,145.26,3,2.2118,0.8,3.2,tp,0.0506,0.0868
1782956340,2026-07-02T01:39:00,cont,1,27.0,1,116.65,2.085,2.329,0.444,0.266,0.186,353.72,4,1.8664,0.8,3.2,tp,0.06,0.1029
1782959820,2026-07-02T02:37:00,cont,1,85.0,1,352.08,7.081,7.774,1.474,0.908,0.908,504.85,5,5.6333,0.8,3.2,tp,0.0199,0.0341
1782964140,2026-07-02T03:49:00,flip,1,0.0,1,120.57,1.931,2.856,0.427,0.212,0.212,0.0,1,1.9291,0.8,3.2,tp,0.0581,0.0995
1782964320,2026-07-02T03:52:00,cont,1,3.0,1,182.58,2.578,4.241,0.365,0.24,0.23,162.81,2,-3.7204,-1.0188,-4.0754,sl,0.0383,0.0657
1782966660,2026-07-02T04:31:00,flip,-1,0.0,1,93.06,2.191,1.876,0.456,0.344,0.15,0.0,1,-1.8976,-1.0196,-4.0782,sl,0.0752,0.1289
1782968400,2026-07-02T05:00:00,cont,-1,29.0,1,192.44,4.32,4.306,1.003,1.003,0.556,75.49,3,3.079,0.8,3.2,tp,0.0364,0.0624
1782972180,2026-07-02T06:03:00,cont,-1,92.0,1,125.78,3.198,3.098,0.886,0.291,0.287,329.78,6,-2.5544,-1.0154,-4.0617,sl,0.0557,0.0954
1782974820,2026-07-02T06:47:00,cont,-1,136.0,0,255.87,6.109,7.182,0.876,0.876,0.876,403.17,7,4.0939,0.8,3.2,tp,0.0274,0.0469
1782977220,2026-07-02T07:27:00,cont,-1,176.0,0,78.64,2.168,2.174,0.776,0.488,0.16,619.37,10,-1.5822,-1.006,-4.0239,sl,0.089,0.1526
1782980100,2026-07-02T08:15:00,flip,1,0.0,1,102.84,2.211,2.75,0.436,0.374,0.374,0.0,1,1.6454,0.8,3.2,tp,0.0681,0.1167
1782981960,2026-07-02T08:46:00,cont,1,31.0,1,113.21,2.381,3.054,0.723,0.601,0.269,166.02,3,-2.2994,-1.0155,-4.0622,sl,0.0618,0.106
1782984240,2026-07-02T09:24:00,cont,1,69.0,1,195.37,4.509,5.251,0.946,0.87,0.739,228.24,4,3.1259,0.8,3.2,tp,0.0358,0.0614
1782985980,2026-07-02T09:53:00,cont,1,98.0,1,465.5,3.364,8.462,0.754,0.537,0.457,981.98,5,7.448,0.8,3.2,tp,0.015,0.0258
1782997920,2026-07-02T13:12:00,cont,1,297.0,0,142.44,2.622,2.316,0.692,0.389,0.248,1359.91,9,2.279,0.8,3.2,tp,0.0491,0.0842
1782999240,2026-07-02T13:34:00,cont,1,319.0,0,465.97,3.382,7.412,0.936,0.936,0.642,1635.87,10,-9.3934,-1.0079,-4.0318,sl,0.015,0.0258
1783002900,2026-07-02T14:35:00,flip,-1,0.0,1,287.12,2.625,3.052,0.816,0.402,0.402,0.0,1,-5.7528,-1.0018,-4.0072,sl,0.0244,0.0418
1783012740,2026-07-02T17:19:00,cont,1,113.0,1,659.89,14.431,12.828,3.528,2.819,0.953,70.84,2,10.5582,0.8,3.2,tp,0.0106,0.0182
1783109160,2026-07-03T20:06:00,cont,1,1720.0,0,681.94,15.701,24.088,2.15,2.15,1.907,704.14,8,10.911,0.8,3.2,tp,0.0103,0.0176
1783187280,2026-07-04T17:48:00,cont,1,159.0,0,514.05,10.274,16.772,2.605,1.317,1.062,406.85,2,-10.3528,-1.007,-4.0279,sl,0.0136,0.0233
1783217520,2026-07-05T02:12:00,cont,-1,76.0,1,159.95,5.213,5.113,0.91,0.91,0.618,172.44,4,2.5592,0.8,3.2,tp,0.0438,0.075
1783225140,2026-07-05T04:19:00,flip,1,0.0,1,37.99,1.534,1.498,0.346,0.327,0.225,0.0,1,0.6078,0.8,3.2,tp,0.1843,0.3159
1783230000,2026-07-05T05:40:00,flip,-1,0.0,1,86.91,3.213,3.782,0.774,0.774,0.344,0.0,1,-1.8476,-1.0629,-4.2518,sl,0.0805,0.1381
1783236780,2026-07-05T07:33:00,flip,1,0.0,1,145.66,4.88,7.854,0.952,0.952,0.952,0.0,1,2.3306,0.8,3.2,tp,0.0481,0.0824
1783288500,2026-07-05T21:55:00,cont,1,862.0,0,710.65,13.42,21.185,2.328,1.927,1.12,287.05,2,11.3704,0.8,3.2,tp,0.0099,0.0169
1783321260,2026-07-06T07:01:00,flip,-1,0.0,1,254.54,10.117,10.291,1.65,1.357,1.015,0.0,1,-5.1052,-1.0028,-4.0113,sl,0.0275,0.0471
1783326960,2026-07-06T08:36:00,cont,-1,95.0,1,375.04,11.709,12.675,1.437,0.973,0.905,61.82,2,6.0006,0.8,3.2,tp,0.0187,0.032
1783341780,2026-07-06T12:43:00,cont,-1,94.0,1,397.18,6.39,5.962,0.977,0.977,0.327,974.98,3,6.3549,0.8,3.2,tp,0.0176,0.0302
1783344420,2026-07-06T13:27:00,cont,-1,138.0,0,202.76,2.709,3.445,0.719,0.564,0.272,1339.05,6,-4.079,-1.0059,-4.0235,sl,0.0345,0.0592
1783344660,2026-07-06T13:31:00,cont,-1,142.0,0,232.21,2.421,3.653,0.807,0.533,0.282,1403.18,7,-4.8264,-1.0392,-4.1569,sl,0.0301,0.0517
1783345620,2026-07-06T13:47:00,flip,1,0.0,1,174.76,1.412,2.369,0.355,0.355,0.298,0.0,1,2.7962,0.8,3.2,tp,0.0401,0.0687
1783347780,2026-07-06T14:23:00,cont,1,36.0,1,381.71,3.592,4.189,1.009,1.009,0.493,301.29,2,6.1074,0.8,3.2,tp,0.0183,0.0314
1783350540,2026-07-06T15:09:00,cont,1,82.0,1,547.01,6.813,6.395,0.905,0.774,0.619,677.34,3,8.7522,0.8,3.2,tp,0.0128,0.0219
1783354080,2026-07-06T16:08:00,cont,1,141.0,0,247.83,2.203,3.083,0.685,0.175,0.167,1886.91,5,3.9653,0.8,3.2,tp,0.0282,0.0484
1783357560,2026-07-06T17:06:00,cont,1,199.0,0,473.39,7.764,6.039,1.911,1.499,0.941,2108.91,6,7.5742,0.8,3.2,tp,0.0148,0.0253
1783392540,2026-07-07T02:49:00,flip,-1,0.0,1,168.32,3.564,3.902,0.896,0.446,0.298,0.0,1,2.6931,0.8,3.2,tp,0.0416,0.0713
1783395720,2026-07-07T03:42:00,cont,-1,53.0,1,152.86,3.879,3.498,0.99,0.726,0.365,231.12,2,2.4458,0.8,3.2,tp,0.0458,0.0785
1783400820,2026-07-07T05:07:00,cont,-1,138.0,0,71.05,2.676,2.538,0.92,0.351,0.277,387.63,6,1.1368,0.8,3.2,tp,0.0985,0.1689
1783401120,2026-07-07T05:12:00,cont,-1,143.0,0,101.26,2.941,3.546,0.624,0.415,0.296,476.69,7,1.6202,0.8,3.2,tp,0.0691,0.1185
1783403460,2026-07-07T05:51:00,flip,1,0.0,1,60.48,1.979,1.813,0.664,0.175,0.135,0.0,1,0.9677,0.8,3.2,tp,0.1157,0.1984
1783404300,2026-07-07T06:05:00,flip,-1,0.0,1,169.33,3.957,4.528,0.807,0.807,0.348,0.0,1,-3.4332,-1.0138,-4.055,sl,0.0413,0.0709
1783425840,2026-07-07T12:04:00,flip,1,0.0,1,459.91,12.544,15.428,2.553,1.246,1.242,0.0,1,7.3586,0.8,3.2,tp,0.0152,0.0261
1783426320,2026-07-07T12:12:00,cont,1,8.0,1,161.23,1.968,5.03,0.319,0.234,0.213,301.58,2,-3.3624,-1.0427,-4.1709,sl,0.0434,0.0744
1783428540,2026-07-07T12:49:00,flip,-1,0.0,1,149.91,3.185,3.309,0.919,0.486,0.264,0.0,1,2.3986,0.8,3.2,tp,0.0467,0.08
1783430400,2026-07-07T13:20:00,cont,-1,31.0,1,107.85,2.221,2.368,0.721,0.356,0.202,193.99,3,1.7256,0.8,3.2,tp,0.0649,0.1113
1783431360,2026-07-07T13:36:00,cont,-1,47.0,1,242.96,2.791,4.728,0.848,0.584,0.371,481.77,4,-4.95,-1.0187,-4.0747,sl,0.0288,0.0494
1783433640,2026-07-07T14:14:00,cont,-1,85.0,1,414.18,3.619,4.636,1.007,0.739,0.739,495.53,5,-8.3078,-1.0029,-4.0117,sl,0.0169,0.029
1783437360,2026-07-07T15:16:00,flip,1,0.0,1,244.21,2.735,2.557,0.822,0.387,0.243,0.0,1,3.9074,0.8,3.2,tp,0.0287,0.0491
1783439220,2026-07-07T15:47:00,cont,1,31.0,1,333.36,3.427,3.723,0.898,0.619,0.358,415.07,3,-6.7934,-1.0189,-4.0757,sl,0.021,0.036
1783451400,2026-07-07T19:10:00,flip,-1,0.0,1,215.84,2.875,4.326,0.899,0.366,0.359,0.0,1,3.4534,0.8,3.2,tp,0.0324,0.0556
1783453260,2026-07-07T19:41:00,flip,1,0.0,1,83.18,1.488,1.478,0.325,0.19,0.11,0.0,1,1.3309,0.8,3.2,tp,0.0842,0.1443
1783456320,2026-07-07T20:32:00,flip,-1,0.0,1,159.39,5.35,3.902,1.33,0.623,0.623,0.0,1,-3.2152,-1.0086,-4.0344,sl,0.0439,0.0753
1783458240,2026-07-07T21:04:00,flip,1,0.0,1,84.96,2.289,2.862,0.409,0.401,0.315,0.0,1,-1.73,-1.0181,-4.0725,sl,0.0824,0.1412
1783460220,2026-07-07T21:37:00,flip,-1,0.0,1,117.08,2.307,3.436,0.761,0.269,0.239,0.0,1,1.8733,0.8,3.2,tp,0.0598,0.1025
1783461600,2026-07-07T22:00:00,cont,-1,23.0,1,250.86,4.478,5.363,0.93,0.901,0.408,115.69,2,-5.1094,-1.0184,-4.0735,sl,0.0279,0.0478
1783465560,2026-07-07T23:06:00,flip,1,0.0,1,169.17,4.786,4.722,1.137,0.97,0.51,0.0,1,-3.4212,-1.0112,-4.0447,sl,0.0414,0.0709
1783468800,2026-07-08T00:00:00,flip,-1,0.0,1,51.96,1.424,1.682,0.335,0.142,0.124,0.0,1,-1.0664,-1.0262,-4.1047,sl,0.1347,0.2309
1783470060,2026-07-08T00:21:00,flip,1,0.0,1,146.7,3.018,4.527,0.957,0.563,0.377,0.0,1,2.3472,0.8,3.2,tp,0.0477,0.0818
1783471140,2026-07-08T00:39:00,cont,1,18.0,1,146.33,2.874,3.71,1.021,0.518,0.376,129.15,2,-2.9474,-1.0071,-4.0284,sl,0.0478,0.082
1783474080,2026-07-08T01:28:00,cont,-1,26.0,1,197.07,4.954,4.947,1.007,0.978,0.615,121.54,2,3.1531,0.8,3.2,tp,0.0355,0.0609
1783476060,2026-07-08T02:01:00,cont,-1,59.0,1,307.56,4.781,6.83,0.919,0.542,0.401,669.67,3,4.921,0.8,3.2,tp,0.0228,0.039
1783479720,2026-07-08T03:02:00,flip,1,0.0,1,179.87,4.097,3.59,0.892,0.312,0.312,0.0,1,-3.6684,-1.0197,-4.0789,sl,0.0389,0.0667
1783486200,2026-07-08T04:50:00,flip,-1,0.0,1,205.36,5.208,5.47,1.15,0.853,0.853,0.0,1,3.2858,0.8,3.2,tp,0.0341,0.0584
1783492680,2026-07-08T06:38:00,cont,-1,108.0,1,175.71,3.198,4.654,0.821,0.712,0.712,178.8,5,-3.537,-1.0065,-4.026,sl,0.0398,0.0683
1783495500,2026-07-08T07:25:00,flip,1,0.0,1,299.34,6.792,7.094,1.508,1.026,0.84,0.0,1,-6.0006,-1.0023,-4.0092,sl,0.0234,0.0401
1783502040,2026-07-08T09:14:00,flip,-1,0.0,1,464.77,8.074,5.84,1.972,1.009,0.461,0.0,1,-9.3172,-1.0023,-4.0094,sl,0.0151,0.0258
1783518540,2026-07-08T13:49:00,cont,-1,275.0,0,674.83,8.157,13.3,1.495,1.495,1.317,159.16,2,-13.6008,-1.0077,-4.0309,sl,0.0104,0.0178
1783559340,2026-07-09T01:09:00,flip,1,0.0,1,660.34,9.914,20.089,1.153,1.098,1.098,0.0,1,-13.2488,-1.0032,-4.0127,sl,0.0106,0.0182
1783564500,2026-07-09T02:35:00,flip,-1,0.0,1,305.7,6.358,7.143,0.952,0.925,0.586,0.0,1,-6.1404,-1.0043,-4.0173,sl,0.0229,0.0393
1783571400,2026-07-09T04:30:00,cont,1,14.0,1,124.58,3.693,4.032,0.914,0.674,0.467,33.37,2,1.9933,0.8,3.2,tp,0.0562,0.0963
1783572420,2026-07-09T04:47:00,cont,1,31.0,1,35.79,0.937,1.158,0.267,0.112,0.087,206.89,3,0.5726,0.8,3.2,tp,0.1956,0.3353
1783573740,2026-07-09T05:09:00,cont,1,53.0,1,105.76,2.037,2.879,0.719,0.468,0.222,359.09,4,1.6922,0.8,3.2,tp,0.0662,0.1135
1783575000,2026-07-09T05:30:00,flip,-1,0.0,1,96.13,1.948,2.25,0.354,0.254,0.19,0.0,1,-1.941,-1.0096,-4.0383,sl,0.0728,0.1248
1783578420,2026-07-09T06:27:00,flip,1,0.0,1,332.9,6.521,8.731,0.897,0.867,0.527,0.0,1,5.3264,0.8,3.2,tp,0.021,0.036
1783581540,2026-07-09T07:19:00,cont,1,52.0,1,227.69,4.221,4.861,0.866,0.609,0.334,266.67,3,-4.5794,-1.0056,-4.0225,sl,0.0307,0.0527
1783583160,2026-07-09T07:46:00,cont,1,79.0,1,351.01,6.909,7.843,1.088,1.088,0.901,299.69,4,-7.0794,-1.0084,-4.0337,sl,0.0199,0.0342
1783596240,2026-07-09T11:24:00,flip,-1,0.0,1,149.63,3.954,4.708,0.902,0.852,0.511,0.0,1,-3.0326,-1.0134,-4.0535,sl,0.0468,0.0802
1783600620,2026-07-09T12:37:00,flip,1,0.0,1,296.04,3.301,7.084,0.828,0.828,0.828,0.0,1,-5.9298,-1.0015,-4.0061,sl,0.0236,0.0405
1783604640,2026-07-09T13:44:00,cont,1,67.0,1,501.58,5.26,8.594,1.078,1.078,0.955,57.75,2,8.0253,0.8,3.2,tp,0.014,0.0239
1783620420,2026-07-09T18:07:00,flip,1,0.0,1,300.65,4.457,7.514,0.814,0.532,0.388,0.0,1,-6.0486,-1.0059,-4.0237,sl,0.0233,0.0399
1783643580,2026-07-10T00:33:00,flip,-1,0.0,1,361.97,7.329,10.878,1.227,1.205,0.958,0.0,1,-7.2584,-1.0026,-4.0105,sl,0.0193,0.0332
1783646940,2026-07-10T01:29:00,flip,1,0.0,1,149.69,2.469,3.598,0.522,0.333,0.306,0.0,1,2.395,0.8,3.2,tp,0.0468,0.0802
1783648080,2026-07-10T01:48:00,cont,1,19.0,1,514.31,6.834,13.423,0.883,0.74,0.541,474.61,3,8.229,0.8,3.2,tp,0.0136,0.0233
1783675800,2026-07-10T09:30:00,cont,1,88.0,1,376.42,8.953,10.051,1.739,1.128,1.128,391.45,3,-7.5558,-1.0036,-4.0146,sl,0.0186,0.0319
1783693080,2026-07-10T14:18:00,cont,-1,75.0,1,590.41,8.154,8.491,1.671,0.971,0.971,149.35,2,9.4466,0.8,3.2,tp,0.0119,0.0203
1783840440,2026-07-12T07:14:00,flip,1,0.0,1,94.67,5.474,3.815,1.084,0.95,0.496,0.0,1,1.5147,0.8,3.2,tp,0.0739,0.1268
1783842840,2026-07-12T07:54:00,cont,1,40.0,1,42.07,2.374,2.41,1.114,0.474,0.263,58.57,2,0.6731,0.8,3.2,tp,0.1664,0.2852
1783858320,2026-07-12T12:12:00,cont,1,298.0,0,356.04,12.416,20.23,2.034,2.034,1.188,293.12,3,-7.1604,-1.0056,-4.0222,sl,0.0197,0.0337
1783903200,2026-07-13T00:40:00,cont,-1,160.0,0,828.76,9.96,15.194,1.237,0.951,0.951,208.04,2,13.2602,0.8,3.2,tp,0.0084,0.0145
1783913580,2026-07-13T03:33:00,cont,-1,333.0,0,277.28,4.864,5.572,0.93,0.536,0.385,998.28,6,4.4365,0.8,3.2,tp,0.0252,0.0433
1783918800,2026-07-13T05:00:00,cont,-1,420.0,0,159.7,3.948,4.644,0.513,0.401,0.371,1193.09,9,-3.2042,-1.0032,-4.0128,sl,0.0438,0.0751
1783927380,2026-07-13T07:23:00,flip,1,0.0,1,295.82,7.622,9.469,1.848,1.515,1.35,0.0,1,4.7331,0.8,3.2,tp,0.0237,0.0406
1783939560,2026-07-13T10:46:00,flip,-1,0.0,1,72.32,1.94,6.756,0.318,0.275,0.275,0.0,1,-1.4722,-1.0178,-4.0713,sl,0.0968,0.1659
1783944480,2026-07-13T12:08:00,cont,-1,82.0,1,289.99,8.064,11.286,1.508,1.363,0.861,55.62,2,4.6398,0.8,3.2,tp,0.0241,0.0414
1783948200,2026-07-13T13:10:00,cont,-1,144.0,0,124.52,3.523,3.232,0.947,0.947,0.319,353.39,5,1.9923,0.8,3.2,tp,0.0562,0.0964
1783950060,2026-07-13T13:41:00,cont,-1,175.0,0,392.53,4.929,10.738,0.831,0.831,0.831,572.37,6,-7.864,-1.0017,-4.0068,sl,0.0178,0.0306
1783954080,2026-07-13T14:48:00,cont,1,29.0,1,257.0,3.092,3.546,0.929,0.619,0.397,242.22,3,4.112,0.8,3.2,tp,0.0272,0.0467
1783958760,2026-07-13T16:06:00,flip,-1,0.0,1,120.58,3.298,2.917,1.292,0.661,0.273,0.0,1,1.9293,0.8,3.2,tp,0.0581,0.0995
1783960200,2026-07-13T16:30:00,cont,-1,24.0,1,88.89,1.695,2.142,0.347,0.236,0.148,295.24,3,-1.7852,-1.0042,-4.0166,sl,0.0787,0.135
1783961160,2026-07-13T16:46:00,flip,1,0.0,1,53.18,1.194,1.339,0.238,0.181,0.109,0.0,1,-1.113,-1.0464,-4.1858,sl,0.1316,0.2256
1783963380,2026-07-13T17:23:00,flip,-1,0.0,1,123.95,3.899,3.059,0.801,0.801,0.555,0.0,1,1.9832,0.8,3.2,tp,0.0565,0.0968
1783966320,2026-07-13T18:12:00,cont,-1,49.0,1,161.91,2.88,3.697,0.84,0.512,0.358,351.56,2,-3.2786,-1.0125,-4.0499,sl,0.0432,0.0741
1783970220,2026-07-13T19:17:00,flip,1,0.0,1,106.02,3.413,2.887,0.802,0.762,0.362,0.0,1,1.6963,0.8,3.2,tp,0.066,0.1132
1783972200,2026-07-13T19:50:00,cont,1,33.0,1,80.46,2.721,2.414,0.794,0.383,0.361,104.42,3,1.2874,0.8,3.2,tp,0.087,0.1491
1783973040,2026-07-13T20:04:00,cont,1,47.0,1,72.06,2.275,2.279,0.513,0.346,0.227,213.88,4,-1.452,-1.0075,-4.03,sl,0.0971,0.1665
1783973700,2026-07-13T20:15:00,flip,-1,0.0,1,50.74,1.742,1.619,0.304,0.254,0.152,0.0,1,0.8118,0.8,3.2,tp,0.138,0.2365
1783975800,2026-07-13T20:50:00,cont,-1,35.0,1,166.91,6.231,6.409,0.903,0.842,0.667,85.28,2,2.6706,0.8,3.2,tp,0.0419,0.0719
1783983660,2026-07-13T23:01:00,cont,-1,166.0,0,326.91,8.812,11.215,1.614,1.05,0.889,294.06,5,-6.5754,-1.0057,-4.0228,sl,0.0214,0.0367
1783990500,2026-07-14T00:55:00,flip,1,0.0,1,283.16,5.254,6.435,0.743,0.743,0.697,0.0,1,4.5306,0.8,3.2,tp,0.0247,0.0424
1784009640,2026-07-14T06:14:00,flip,-1,0.0,1,64.78,2.34,2.501,0.776,0.567,0.281,0.0,1,-1.3508,-1.0426,-4.1704,sl,0.1081,0.1852
1784011800,2026-07-14T06:50:00,cont,-1,36.0,1,111.64,4.394,4.745,0.711,0.711,0.711,0.16,2,1.7862,0.8,3.2,tp,0.0627,0.1075
1784013120,2026-07-14T07:12:00,cont,-1,58.0,1,88.67,2.485,3.092,0.862,0.574,0.389,94.96,3,-1.8084,-1.0197,-4.0789,sl,0.0789,0.1353
1784015160,2026-07-14T07:46:00,cont,-1,92.0,1,138.26,4.438,4.546,1.025,0.929,0.768,152.78,4,-2.8198,-1.0197,-4.079,sl,0.0506,0.0868
1784025840,2026-07-14T10:44:00,flip,1,0.0,1,279.56,7.736,12.11,1.307,1.307,0.955,0.0,1,4.473,0.8,3.2,tp,0.025,0.0429
1784032200,2026-07-14T12:30:00,cont,1,106.0,1,694.64,6.631,23.752,0.902,0.857,0.857,761.58,3,11.1142,0.8,3.2,tp,0.0101,0.0173
1784037840,2026-07-14T14:04:00,flip,-1,0.0,1,317.76,4.139,4.749,0.896,0.809,0.515,0.0,1,-6.3876,-1.0051,-4.0204,sl,0.022,0.0378
1784041080,2026-07-14T14:58:00,flip,1,0.0,1,99.57,2.074,1.806,0.476,0.353,0.179,0.0,1,1.5931,0.8,3.2,tp,0.0703,0.1205
1784042940,2026-07-14T15:29:00,cont,1,31.0,1,346.42,5.28,6.833,0.917,0.91,0.476,364.44,2,5.5427,0.8,3.2,tp,0.0202,0.0346
1784067600,2026-07-14T22:20:00,cont,1,442.0,0,792.06,12.176,27.416,1.395,1.395,1.395,899.82,3,-15.8454,-1.0003,-4.0011,sl,0.0088,0.0152
1784188200,2026-07-16T07:50:00,cont,-1,97.0,1,120.05,2.423,3.975,0.461,0.252,0.184,693.05,5,1.9208,0.8,3.2,tp,0.0583,0.1
1784189640,2026-07-16T08:14:00,cont,-1,121.0,0,296.0,4.626,7.562,0.92,0.842,0.411,894.92,6,-5.9492,-1.0049,-4.0197,sl,0.0236,0.0405
1784205900,2026-07-16T12:45:00,cont,-1,392.0,0,475.42,9.383,15.816,1.367,1.316,1.14,975.7,7,-9.5134,-1.0005,-4.0021,sl,0.0147,0.0252
1784210460,2026-07-16T14:01:00,flip,1,0.0,1,389.48,4.907,7.594,1.012,1.012,0.74,0.0,1,6.2317,0.8,3.2,tp,0.018,0.0308
1784221800,2026-07-16T17:10:00,flip,-1,0.0,1,131.15,2.431,2.539,0.443,0.443,0.311,0.0,1,2.0984,0.8,3.2,tp,0.0534,0.0915
1784224200,2026-07-16T17:50:00,cont,-1,40.0,1,145.59,3.495,3.294,0.727,0.698,0.323,138.41,2,2.3294,0.8,3.2,tp,0.0481,0.0824
1784225760,2026-07-16T18:16:00,flip,1,0.0,1,72.12,1.791,1.592,0.454,0.299,0.234,0.0,1,1.1539,0.8,3.2,tp,0.0971,0.1664
1784235540,2026-07-16T20:59:00,flip,-1,0.0,1,217.4,9.536,10.447,3.322,1.929,1.173,0.0,1,3.4784,0.8,3.2,tp,0.0322,0.0552
1784242980,2026-07-16T23:03:00,cont,-1,124.0,0,71.36,2.352,2.32,0.537,0.315,0.232,176.51,4,1.1418,0.8,3.2,tp,0.0981,0.1682
1784245020,2026-07-16T23:37:00,cont,-1,158.0,0,72.82,1.884,2.515,0.634,0.347,0.177,364.4,5,-1.4982,-1.0287,-4.1148,sl,0.0961,0.1648
1784248260,2026-07-17T00:31:00,cont,-1,212.0,0,199.29,5.188,5.702,0.91,0.91,0.91,404.13,6,-4.026,-1.0101,-4.0403,sl,0.0351,0.0602
1784253000,2026-07-17T01:50:00,cont,-1,291.0,0,461.93,9.65,10.837,1.465,1.124,0.935,514.87,7,7.3909,0.8,3.2,tp,0.0152,0.026
1784266800,2026-07-17T05:40:00,cont,-1,97.0,1,171.88,2.734,5.323,0.448,0.346,0.273,463.63,4,2.7501,0.8,3.2,tp,0.0407,0.0698
1784268720,2026-07-17T06:12:00,cont,-1,129.0,0,199.94,3.432,5.063,0.907,0.822,0.299,710.99,5,-4.0754,-1.0192,-4.0766,sl,0.035,0.06
1784282520,2026-07-17T10:02:00,flip,1,0.0,1,95.78,3.505,3.845,0.866,0.69,0.444,0.0,1,1.5325,0.8,3.2,tp,0.0731,0.1253
1784284800,2026-07-17T10:40:00,cont,1,38.0,1,141.43,6.514,5.295,1.173,0.9,0.706,87.08,2,2.2629,0.8,3.2,tp,0.0495,0.0848
1784289240,2026-07-17T11:54:00,flip,1,0.0,1,85.19,2.59,3.408,0.878,0.327,0.29,0.0,1,-1.71,-1.0036,-4.0146,sl,0.0822,0.1409
1784290740,2026-07-17T12:19:00,flip,-1,0.0,1,90.62,3.539,3.564,0.876,0.559,0.33,0.0,1,1.4499,0.8,3.2,tp,0.0772,0.1324
1784293320,2026-07-17T13:02:00,cont,-1,43.0,1,166.44,4.361,6.033,0.991,0.798,0.533,202.63,4,2.663,0.8,3.2,tp,0.0421,0.0721
1784295240,2026-07-17T13:34:00,cont,-1,75.0,1,215.94,3.444,4.868,0.83,0.724,0.444,508.95,5,3.455,0.8,3.2,tp,0.0324,0.0556
1784304600,2026-07-17T16:10:00,flip,1,0.0,1,693.14,12.25,14.17,2.95,1.596,0.951,0.0,1,11.0902,0.8,3.2,tp,0.0101,0.0173
1784310420,2026-07-17T17:47:00,cont,1,97.0,1,276.36,4.937,4.847,1.253,0.987,0.442,674.68,4,-5.5376,-1.0019,-4.0075,sl,0.0253,0.0434
1784312820,2026-07-17T18:27:00,flip,-1,0.0,1,76.18,1.592,1.531,0.319,0.319,0.221,0.0,1,-1.5478,-1.0159,-4.0635,sl,0.0919,0.1575
1784313660,2026-07-17T18:41:00,flip,1,0.0,1,99.51,2.309,2.019,0.435,0.417,0.289,0.0,1,1.5922,0.8,3.2,tp,0.0703,0.1206
1784319420,2026-07-17T20:17:00,flip,-1,0.0,1,224.05,8.322,6.9,2.351,0.952,0.925,0.0,1,-4.496,-1.0033,-4.0134,sl,0.0312,0.0536
1784323620,2026-07-17T21:27:00,cont,1,32.0,1,98.46,4.458,4.064,1.181,1.022,0.39,43.23,2,-1.9846,-1.0078,-4.0313,sl,0.0711,0.1219
1784324760,2026-07-17T21:46:00,flip,-1,0.0,1,41.69,1.802,1.818,0.575,0.252,0.214,0.0,1,-0.8358,-1.0024,-4.0096,sl,0.1679,0.2878
1784325600,2026-07-17T22:00:00,flip,1,0.0,1,82.27,3.197,3.767,0.931,0.931,0.498,0.0,1,-1.6472,-1.0011,-4.0044,sl,0.0851,0.1459
1784329320,2026-07-17T23:02:00,flip,-1,0.0,1,57.26,2.941,3.035,0.636,0.636,0.301,0.0,1,0.9162,0.8,3.2,tp,0.1222,0.2096
1784347080,2026-07-18T03:58:00,flip,1,0.0,1,140.7,9.337,9.975,1.458,1.458,1.458,0.0,1,2.2512,0.8,3.2,tp,0.0498,0.0853
1784378760,2026-07-18T12:46:00,cont,1,528.0,0,155.5,6.105,8.206,0.927,0.855,0.7,188.93,3,-3.1242,-1.0046,-4.0183,sl,0.045,0.0772
1784393520,2026-07-18T16:52:00,cont,1,774.0,0,344.8,12.369,21.788,1.651,1.651,1.476,284.51,4,5.5168,0.8,3.2,tp,0.0203,0.0348
1784405460,2026-07-18T20:11:00,cont,1,973.0,0,155.68,6.207,8.509,1.255,1.255,1.016,606.94,8,2.4909,0.8,3.2,tp,0.045,0.0771
1784409240,2026-07-18T21:14:00,cont,1,1036.0,0,200.82,7.963,9.435,1.493,0.976,0.976,763.02,9,3.2131,0.8,3.2,tp,0.0349,0.0598
1784434320,2026-07-19T04:12:00,flip,-1,0.0,1,89.06,4.601,5.211,0.793,0.793,0.636,0.0,1,-1.8766,-1.0536,-4.2142,sl,0.0786,0.1347
1784435700,2026-07-19T04:35:00,flip,1,0.0,1,38.57,2.176,2.231,0.555,0.314,0.314,0.0,1,0.6171,0.8,3.2,tp,0.1815,0.3111
1784438100,2026-07-19T05:15:00,cont,1,40.0,1,107.37,5.861,6.188,1.266,0.968,0.631,88.04,2,-2.1514,-1.0019,-4.0075,sl,0.0652,0.1118
1784449080,2026-07-19T08:18:00,flip,-1,0.0,1,117.13,6.25,7.971,1.434,1.211,0.911,0.0,1,1.8741,0.8,3.2,tp,0.0598,0.1025
1784455260,2026-07-19T10:01:00,cont,-1,103.0,1,59.29,3.359,3.399,0.786,0.442,0.238,174.45,3,-1.193,-1.0061,-4.0243,sl,0.1181,0.2024
1784456520,2026-07-19T10:22:00,flip,1,0.0,1,30.04,1.878,1.531,0.412,0.233,0.224,0.0,1,-0.6202,-1.0323,-4.1292,sl,0.233,0.3995
1784456820,2026-07-19T10:27:00,cont,1,5.0,1,43.2,2.739,2.144,0.733,0.295,0.295,9.42,2,0.6912,0.8,3.2,tp,0.162,0.2778
1784457660,2026-07-19T10:41:00,cont,1,19.0,1,49.63,3.077,2.858,0.774,0.52,0.271,50.74,3,0.7941,0.8,3.2,tp,0.141,0.2418
1784458800,2026-07-19T11:00:00,flip,-1,0.0,1,44.85,1.833,2.217,0.289,0.289,0.194,0.0,1,-0.9146,-1.0196,-4.0785,sl,0.1561,0.2676
1784461680,2026-07-19T11:48:00,cont,-1,48.0,1,132.27,7.988,6.197,2.175,0.966,0.842,46.12,2,2.1163,0.8,3.2,tp,0.0529,0.0907
1784463960,2026-07-19T12:26:00,cont,-1,86.0,1,94.99,2.755,4.597,0.803,0.617,0.399,223.58,3,-1.933,-1.0175,-4.0699,sl,0.0737,0.1263
1784467920,2026-07-19T13:32:00,flip,1,0.0,1,129.61,4.886,5.001,0.809,0.809,0.782,0.0,1,2.0738,0.8,3.2,tp,0.054,0.0926
1784480460,2026-07-19T17:01:00,cont,-1,159.0,0,235.66,7.861,10.011,1.183,1.128,0.941,44.26,2,-4.7598,-1.0099,-4.0395,sl,0.0297,0.0509
1784484420,2026-07-19T18:07:00,cont,-1,225.0,0,381.89,11.29,12.824,1.629,1.213,0.995,72.47,3,-7.6728,-1.0046,-4.0183,sl,0.0183,0.0314
1784506260,2026-07-20T00:11:00,cont,1,251.0,0,365.02,6.052,10.313,0.936,0.936,0.936,439.89,4,-7.3064,-1.0008,-4.0033,sl,0.0192,0.0329
1784524140,2026-07-20T05:09:00,flip,-1,0.0,1,598.86,15.615,15.858,3.011,1.585,1.406,0.0,1,9.5818,0.8,3.2,tp,0.0117,0.02
1784529180,2026-07-20T06:33:00,cont,-1,84.0,1,221.19,4.733,5.732,0.736,0.736,0.657,419.72,3,3.539,0.8,3.2,tp,0.0316,0.0543
1784533980,2026-07-20T07:53:00,flip,1,0.0,1,101.57,2.388,2.69,0.455,0.373,0.236,0.0,1,-2.3012,-1.1328,-4.5313,sl,0.0689,0.1181
1784543040,2026-07-20T10:24:00,cont,1,151.0,0,520.58,14.233,19.892,2.755,2.043,2.043,107.28,3,8.3293,0.8,3.2,tp,0.0134,0.0231
1784547960,2026-07-20T11:46:00,cont,1,233.0,0,128.36,1.57,4.189,0.288,0.202,0.187,660.92,6,2.0538,0.8,3.2,tp,0.0545,0.0935
1784548620,2026-07-20T11:57:00,cont,1,244.0,0,159.07,2.512,3.558,0.677,0.221,0.2,753.88,7,-3.3516,-1.0535,-4.214,sl,0.044,0.0754
1784549940,2026-07-20T12:19:00,flip,-1,0.0,1,183.63,4.449,3.524,0.986,0.467,0.24,0.0,1,2.9381,0.8,3.2,tp,0.0381,0.0653
1784554260,2026-07-20T13:31:00,cont,-1,72.0,1,102.65,2.291,3.006,0.46,0.407,0.407,181.05,5,-2.0686,-1.0076,-4.0304,sl,0.0682,0.1169
1784555340,2026-07-20T13:49:00,flip,1,0.0,1,223.11,2.426,5.546,0.547,0.547,0.547,0.0,1,-4.4764,-1.0032,-4.0127,sl,0.0314,0.0538
1784557260,2026-07-20T14:21:00,flip,-1,0.0,1,355.12,4.21,4.227,0.928,0.649,0.545,0.0,1,-7.1122,-1.0014,-4.0055,sl,0.0197,0.0338
1784559780,2026-07-20T15:03:00,flip,1,0.0,1,268.81,4.306,3.997,0.827,0.827,0.49,0.0,1,4.301,0.8,3.2,tp,0.026,0.0446
1784562120,2026-07-20T15:42:00,cont,1,39.0,1,225.48,3.899,3.45,0.984,0.984,0.299,497.38,2,3.6077,0.8,3.2,tp,0.031,0.0532
1784571120,2026-07-20T18:12:00,cont,1,189.0,0,436.17,7.596,12.207,1.777,0.939,0.939,1222.43,3,-8.8482,-1.0143,-4.0572,sl,0.016,0.0275
1784574120,2026-07-20T19:02:00,flip,-1,0.0,1,68.37,1.473,1.663,0.528,0.195,0.111,0.0,1,1.0939,0.8,3.2,tp,0.1024,0.1755
1784575620,2026-07-20T19:27:00,cont,-1,25.0,1,118.89,2.748,2.81,0.877,0.555,0.216,124.91,3,-2.4214,-1.0183,-4.0733,sl,0.0589,0.1009
1784578320,2026-07-20T20:12:00,flip,1,0.0,1,161.98,3.868,4.25,0.963,0.963,0.887,0.0,1,2.5917,0.8,3.2,tp,0.0432,0.0741
1784583240,2026-07-20T21:34:00,cont,1,82.0,1,152.86,6.019,6.978,1.023,0.896,0.896,229.45,4,-3.0996,-1.0139,-4.0555,sl,0.0458,0.0785
1784586840,2026-07-20T22:34:00,flip,-1,0.0,1,143.83,5.449,5.522,0.955,0.955,0.422,0.0,1,-2.907,-1.0106,-4.0423,sl,0.0487,0.0834
1784591700,2026-07-20T23:55:00,flip,1,0.0,1,108.56,3.954,5.05,1.065,1.065,0.716,0.0,1,-2.1834,-1.0056,-4.0225,sl,0.0645,0.1105
1784593080,2026-07-21T00:18:00,cont,1,23.0,1,129.54,3.116,4.882,1.049,0.989,0.989,4.72,2,2.0726,0.8,3.2,tp,0.054,0.0926
1784595420,2026-07-21T00:57:00,cont,1,62.0,1,101.33,2.364,2.253,0.874,0.421,0.23,311.6,3,1.6213,0.8,3.2,tp,0.0691,0.1184
1784597400,2026-07-21T01:30:00,flip,-1,0.0,1,100.28,2.547,2.297,0.642,0.35,0.342,0.0,1,-2.0192,-1.0068,-4.0271,sl,0.0698,0.1197
1784598180,2026-07-21T01:43:00,cont,-1,13.0,1,146.14,3.575,3.771,0.903,0.584,0.423,52.56,2,2.3382,0.8,3.2,tp,0.0479,0.0821
1784600100,2026-07-21T02:15:00,cont,-1,45.0,1,206.43,4.312,5.662,0.992,0.992,0.631,177.76,3,-4.1474,-1.0046,-4.0182,sl,0.0339,0.0581
1784605860,2026-07-21T03:51:00,flip,1,0.0,1,116.76,3.59,3.525,1.153,1.013,0.563,0.0,1,1.8682,0.8,3.2,tp,0.06,0.1028
1784612880,2026-07-21T05:48:00,cont,1,117.0,1,392.3,7.542,12.947,1.011,0.868,0.845,352.91,2,6.2768,0.8,3.2,tp,0.0178,0.0306
1784620020,2026-07-21T07:47:00,cont,1,236.0,0,178.37,3.032,5.474,0.733,0.51,0.469,652.66,5,2.8539,0.8,3.2,tp,0.0392,0.0673
1784623140,2026-07-21T08:39:00,cont,1,288.0,0,170.26,3.503,3.744,0.994,0.707,0.489,812.26,8,-3.4152,-1.0029,-4.0117,sl,0.0411,0.0705
1784628600,2026-07-21T10:10:00,cont,1,379.0,0,252.66,7.406,9.647,2.039,2.039,1.003,840.66,9,4.0426,0.8,3.2,tp,0.0277,0.0475
1784637420,2026-07-21T12:37:00,cont,1,61.0,1,145.47,3.399,4.421,0.731,0.528,0.406,304.3,6,-2.9754,-1.0227,-4.0907,sl,0.0481,0.0825
1784639700,2026-07-21T13:15:00,cont,1,99.0,1,156.74,4.451,4.488,1.017,0.874,0.496,356.38,7,-3.2936,-1.0507,-4.2026,sl,0.0447,0.0766
1784641200,2026-07-21T13:40:00,flip,-1,0.0,1,156.07,2.677,3.961,0.763,0.5,0.5,0.0,1,-3.1732,-1.0166,-4.0664,sl,0.0449,0.0769
1784655960,2026-07-21T17:46:00,cont,-1,246.0,0,811.77,11.991,25.612,1.566,1.566,1.293,363.29,2,12.9883,0.8,3.2,tp,0.0086,0.0148
1784790660,2026-07-23T07:11:00,flip,-1,0.0,1,431.89,8.303,18.347,1.012,0.934,0.934,0.0,1,6.9102,0.8,3.2,tp,0.0162,0.0278
1784814420,2026-07-23T13:47:00,cont,-1,396.0,0,323.01,4.37,5.552,1.047,1.047,0.864,483.5,3,5.1682,0.8,3.2,tp,0.0217,0.0372
1784829480,2026-07-23T17:58:00,cont,-1,647.0,0,194.0,5.307,6.591,0.881,0.8,0.8,738.47,7,-3.8952,-1.0039,-4.0157,sl,0.0361,0.0619
1784837100,2026-07-23T20:05:00,flip,1,0.0,1,264.97,6.628,8.634,0.916,0.916,0.916,0.0,1,4.2395,0.8,3.2,tp,0.0264,0.0453
1784839140,2026-07-23T20:39:00,flip,-1,0.0,1,39.1,1.572,1.418,0.463,0.221,0.076,0.0,1,-0.786,-1.0051,-4.0205,sl,0.179,0.3069
1784840880,2026-07-23T21:08:00,cont,-1,29.0,1,94.96,4.013,4.347,0.769,0.769,0.45,21.13,2,1.5194,0.8,3.2,tp,0.0737,0.1264
1784851500,2026-07-24T00:05:00,cont,-1,206.0,0,258.72,8.253,11.699,1.492,0.995,0.96,157.11,3,-5.204,-1.0057,-4.0229,sl,0.0271,0.0464
1784864580,2026-07-24T03:43:00,cont,1,129.0,0,110.97,3.402,3.353,0.942,0.894,0.237,269.84,4,-2.3182,-1.0445,-4.1781,sl,0.0631,0.1081
1784873940,2026-07-24T06:19:00,cont,1,285.0,0,248.56,8.239,12.659,1.051,1.051,0.99,373.58,5,3.977,0.8,3.2,tp,0.0282,0.0483
1784890380,2026-07-24T10:53:00,flip,-1,0.0,1,248.99,9.545,9.734,1.707,1.535,0.971,0.0,1,3.9838,0.8,3.2,tp,0.0281,0.0482
1784899800,2026-07-24T13:30:00,cont,-1,56.0,1,202.64,3.803,4.816,0.861,0.441,0.267,686.53,3,3.2422,0.8,3.2,tp,0.0345,0.0592
1784902620,2026-07-24T14:17:00,cont,-1,103.0,1,302.68,4.047,4.696,0.944,0.624,0.453,1111.77,5,-6.1976,-1.0238,-4.0951,sl,0.0231,0.0396
1785002460,2026-07-25T18:01:00,flip,1,0.0,1,561.04,19.7,32.886,4.719,4.719,3.181,0.0,1,8.9766,0.8,3.2,tp,0.0125,0.0214
1785080160,2026-07-26T15:36:00,cont,1,116.0,1,95.16,4.168,4.235,0.861,0.563,0.499,295.06,4,-1.919,-1.0083,-4.0332,sl,0.0736,0.1261
1785083460,2026-07-26T16:31:00,cont,1,171.0,0,154.45,5.871,6.938,1.261,0.932,0.932,347.57,5,-3.0948,-1.0019,-4.0075,sl,0.0453,0.0777
1785097020,2026-07-26T20:17:00,flip,-1,0.0,1,140.82,10.939,12.224,2.636,2.428,1.36,0.0,1,-2.8802,-1.0227,-4.0906,sl,0.0497,0.0852
1785105120,2026-07-26T22:32:00,flip,1,0.0,1,229.13,4.155,5.859,0.905,0.724,0.367,0.0,1,3.6661,0.8,3.2,tp,0.0306,0.0524
1785110640,2026-07-27T00:04:00,flip,-1,0.0,1,178.37,4.508,4.842,0.991,0.939,0.56,0.0,1,2.8539,0.8,3.2,tp,0.0392,0.0673
1785112620,2026-07-27T00:37:00,cont,-1,33.0,1,120.03,2.692,3.044,0.792,0.747,0.323,171.22,2,1.9205,0.8,3.2,tp,0.0583,0.1
1785116100,2026-07-27T01:35:00,cont,-1,91.0,1,156.4,3.835,4.708,0.807,0.494,0.494,356.71,5,-3.1528,-1.0079,-4.0317,sl,0.0448,0.0767
1785117480,2026-07-27T01:58:00,flip,1,0.0,1,82.38,2.352,2.533,0.552,0.254,0.254,0.0,1,-1.6938,-1.028,-4.1122,sl,0.085,0.1457
1785119760,2026-07-27T02:36:00,cont,1,38.0,1,128.09,4.13,3.938,1.086,0.942,0.411,12.06,3,2.0494,0.8,3.2,tp,0.0546,0.0937
1785125220,2026-07-27T04:07:00,cont,1,129.0,0,119.99,4.327,4.958,1.053,1.053,0.595,150.24,6,-2.4176,-1.0074,-4.0297,sl,0.0583,0.1
1785125880,2026-07-27T04:18:00,cont,1,140.0,0,160.69,4.652,6.177,1.038,1.038,1.038,183.59,7,2.571,0.8,3.2,tp,0.0436,0.0747
1785132360,2026-07-27T06:06:00,cont,1,248.0,0,198.86,4.129,8.251,0.511,0.486,0.429,463.26,9,-4.0328,-1.014,-4.0559,sl,0.0352,0.0603
1785134880,2026-07-27T06:48:00,flip,-1,0.0,1,128.21,3.787,3.979,0.867,0.867,0.316,0.0,1,2.0514,0.8,3.2,tp,0.0546,0.0936
1785137400,2026-07-27T07:30:00,cont,-1,42.0,1,118.91,4.422,4.486,0.836,0.836,0.431,132.13,3,1.9026,0.8,3.2,tp,0.0589,0.1009
1785139140,2026-07-27T07:59:00,cont,-1,71.0,1,88.97,3.265,3.31,0.779,0.455,0.372,228.28,5,1.4235,0.8,3.2,tp,0.0787,0.1349
1785142320,2026-07-27T08:52:00,cont,-1,124.0,0,120.09,4.828,4.598,1.2,0.807,0.566,307.46,7,-2.4218,-1.0083,-4.0333,sl,0.0583,0.0999
1785147660,2026-07-27T10:21:00,flip,1,0.0,1,115.2,4.177,5.11,0.885,0.885,0.621,0.0,1,1.8432,0.8,3.2,tp,0.0608,0.1042
1785150780,2026-07-27T11:13:00,flip,-1,0.0,1,63.32,2.411,2.715,0.66,0.337,0.317,0.0,1,1.0131,0.8,3.2,tp,0.1105,0.1895
1785151560,2026-07-27T11:26:00,cont,-1,13.0,1,37.8,1.334,1.7,0.273,0.197,0.134,81.05,3,0.6048,0.8,3.2,tp,0.1852,0.3175
1785153060,2026-07-27T11:51:00,cont,-1,38.0,1,97.4,4.451,4.477,0.926,0.736,0.372,136.15,4,-2.0336,-1.0439,-4.1758,sl,0.0719,0.1232
1785154740,2026-07-27T12:19:00,cont,-1,66.0,1,195.2,4.336,7.047,0.977,0.977,0.947,193.14,5,3.1232,0.8,3.2,tp,0.0359,0.0615
1785162600,2026-07-27T14:30:00,cont,-1,197.0,0,1077.84,9.12,11.131,1.436,1.312,0.976,641.03,6,17.2454,0.8,3.2,tp,0.0065,0.0111
1785197220,2026-07-28T00:07:00,cont,-1,126.0,0,271.86,6.886,5.879,1.659,1.616,0.855,1023.79,5,4.3498,0.8,3.2,tp,0.0257,0.0441
1785200640,2026-07-28T01:04:00,cont,-1,183.0,0,151.4,2.835,2.855,1.038,0.556,0.395,1235.96,7,2.4224,0.8,3.2,tp,0.0462,0.0793
1785245940,2026-07-28T13:39:00,cont,-1,938.0,0,658.49,7.111,21.126,1.229,1.034,0.913,1725.04,8,-13.2006,-1.0023,-4.0094,sl,0.0106,0.0182
1785257400,2026-07-28T16:50:00,flip,1,0.0,1,255.02,5.78,6.175,1.302,1.211,1.211,0.0,1,-5.11,-1.0019,-4.0075,sl,0.0274,0.0471
1785283500,2026-07-29T00:05:00,cont,1,435.0,0,621.51,12.198,16.877,1.897,1.386,0.959,171.11,2,9.9442,0.8,3.2,tp,0.0113,0.0193
1785319020,2026-07-29T09:57:00,cont,1,19.0,1,210.92,5.364,7.619,0.892,0.678,0.563,158.06,2,-4.2406,-1.0053,-4.0211,sl,0.0332,0.0569
1785325140,2026-07-29T11:39:00,flip,-1,0.0,1,176.89,6.925,6.628,1.367,0.983,0.649,0.0,1,2.8302,0.8,3.2,tp,0.0396,0.0678
1785329460,2026-07-29T12:51:00,cont,-1,72.0,1,63.56,2.47,2.185,0.976,0.583,0.258,130.01,3,1.017,0.8,3.2,tp,0.1101,0.1888
1785331020,2026-07-29T13:17:00,cont,-1,98.0,1,125.16,3.265,4.104,0.86,0.771,0.622,212.06,4,-2.616,-1.0451,-4.1802,sl,0.0559,0.0959
1785332520,2026-07-29T13:42:00,flip,1,0.0,1,284.09,3.303,7.799,0.971,0.949,0.949,0.0,1,4.5454,0.8,3.2,tp,0.0246,0.0422
1785333540,2026-07-29T13:59:00,cont,1,17.0,1,370.75,3.877,6.078,1.016,0.69,0.681,241.22,2,-7.4206,-1.0008,-4.003,sl,0.0189,0.0324
1785335100,2026-07-29T14:25:00,flip,-1,0.0,1,195.05,2.424,2.562,0.778,0.376,0.332,0.0,1,3.1208,0.8,3.2,tp,0.0359,0.0615
1785338280,2026-07-29T15:18:00,cont,-1,53.0,1,215.67,3.856,3.523,1.432,0.975,0.574,176.86,3,3.4507,0.8,3.2,tp,0.0325,0.0556
1785342960,2026-07-29T16:36:00,cont,-1,131.0,0,221.3,3.708,4.959,0.73,0.73,0.639,352.86,5,3.5408,0.8,3.2,tp,0.0316,0.0542
1785354420,2026-07-29T19:47:00,cont,-1,322.0,0,1135.11,11.663,14.89,2.107,1.421,1.0,655.93,6,-22.7448,-1.0019,-4.0075,sl,0.0062,0.0106
1785411420,2026-07-30T11:37:00,cont,1,193.0,0,142.24,6.16,7.701,0.865,0.865,0.792,488.21,7,2.2758,0.8,3.2,tp,0.0492,0.0844
1785419280,2026-07-30T13:48:00,cont,1,324.0,0,395.25,5.739,11.919,1.021,1.021,1.021,876.51,8,-7.9438,-1.0049,-4.0196,sl,0.0177,0.0304
1785460140,2026-07-31T01:09:00,cont,1,1005.0,0,725.3,10.68,22.634,1.088,1.088,1.088,1171.98,9,-14.5344,-1.002,-4.0078,sl,0.0097,0.0165
1785463260,2026-07-31T02:01:00,flip,-1,0.0,1,135.62,2.055,2.452,0.455,0.215,0.143,0.0,1,2.1699,0.8,3.2,tp,0.0516,0.0885
1785464940,2026-07-31T02:29:00,cont,-1,28.0,1,97.42,2.32,2.039,0.673,0.353,0.114,166.13,3,1.5587,0.8,3.2,tp,0.0719,0.1232
1785481320,2026-07-31T07:02:00,cont,-1,301.0,0,318.99,9.777,11.614,2.951,1.048,0.983,344.9,4,5.1038,0.8,3.2,tp,0.0219,0.0376
1785485340,2026-07-31T08:09:00,cont,-1,368.0,0,158.88,5.183,5.657,1.207,0.964,0.565,672.76,7,2.5421,0.8,3.2,tp,0.0441,0.0755
1785492300,2026-07-31T10:05:00,cont,-1,484.0,0,110.19,3.714,3.736,0.785,0.785,0.511,885.78,10,-2.2172,-1.0061,-4.0243,sl,0.0635,0.1089
1785495120,2026-07-31T10:52:00,flip,1,0.0,1,45.07,1.981,1.999,0.52,0.283,0.137,0.0,1,0.7211,0.8,3.2,tp,0.1553,0.2663
1785497460,2026-07-31T11:31:00,flip,-1,0.0,1,91.55,3.378,4.285,0.881,0.569,0.466,0.0,1,1.4648,0.8,3.2,tp,0.0765,0.1311
1785499020,2026-07-31T11:57:00,cont,-1,26.0,1,57.95,2.868,2.712,0.772,0.351,0.265,78.31,4,0.9272,0.8,3.2,tp,0.1208,0.2071
1785500340,2026-07-31T12:19:00,cont,-1,48.0,1,22.27,1.014,1.058,0.286,0.141,0.079,172.42,5,-0.4492,-1.0085,-4.0341,sl,0.3143,0.5388
1785500880,2026-07-31T12:28:00,flip,1,0.0,1,45.83,1.944,2.234,0.552,0.323,0.187,0.0,1,-0.9456,-1.0316,-4.1266,sl,0.1527,0.2618
1785501720,2026-07-31T12:42:00,flip,-1,0.0,1,86.96,2.04,3.493,0.523,0.523,0.34,0.0,1,-1.7812,-1.0241,-4.0966,sl,0.0805,0.138
1785503700,2026-07-31T13:15:00,flip,1,0.0,1,92.6,3.275,3.314,0.966,0.639,0.504,0.0,1,-1.9136,-1.0333,-4.133,sl,0.0756,0.1296
1785505260,2026-07-31T13:41:00,flip,-1,0.0,1,256.3,2.723,8.755,0.707,0.694,0.694,0.0,1,4.1008,0.8,3.2,tp,0.0273,0.0468
1785609060,2026-08-01T18:31:00,cont,-1,1730.0,0,955.86,14.129,31.355,2.292,1.975,1.674,1169.78,2,-19.1496,-1.0017,-4.0068,sl,0.0073,0.0126
1785645180,2026-08-02T04:33:00,flip,1,0.0,1,244.64,14.413,15.257,4.905,4.166,1.758,0.0,1,-4.8968,-1.0008,-4.0033,sl,0.0286,0.0491
1785661320,2026-08-02T09:02:00,flip,-1,0.0,1,79.05,3.924,4.522,0.987,0.326,0.207,0.0,1,-1.6192,-1.0242,-4.0966,sl,0.0886,0.1518
1785662640,2026-08-02T09:24:00,flip,1,0.0,1,42.49,2.106,1.922,0.874,0.205,0.111,0.0,1,-0.8606,-1.0127,-4.0508,sl,0.1647,0.2824
1785665460,2026-08-02T10:11:00,flip,-1,0.0,1,103.33,5.645,5.523,1.237,1.076,0.763,0.0,1,1.6533,0.8,3.2,tp,0.0677,0.1161
1785670980,2026-08-02T11:43:00,cont,-1,92.0,1,108.64,3.854,5.917,1.3,0.96,0.96,107.68,3,1.7382,0.8,3.2,tp,0.0644,0.1105
1785688920,2026-08-02T16:42:00,flip,1,0.0,1,255.92,8.54,13.151,1.352,1.212,1.125,0.0,1,4.0947,0.8,3.2,tp,0.0274,0.0469
1785706920,2026-08-02T21:42:00,cont,1,300.0,0,432.82,10.972,23.632,1.515,1.486,1.129,524.4,3,-8.7302,-1.0085,-4.0341,sl,0.0162,0.0277
1785719580,2026-08-03T01:13:00,flip,-1,0.0,1,215.23,4.77,6.875,1.144,1.123,0.765,0.0,1,3.4437,0.8,3.2,tp,0.0325,0.0558
1785728700,2026-08-03T03:45:00,cont,-1,152.0,0,51.46,2.483,2.532,0.644,0.406,0.279,168.08,5,0.8234,0.8,3.2,tp,0.136,0.2332
1785739140,2026-08-03T06:39:00,cont,-1,326.0,0,190.91,5.469,7.985,1.078,0.956,0.883,482.97,6,3.0546,0.8,3.2,tp,0.0367,0.0629
1785744600,2026-08-03T08:10:00,cont,-1,417.0,0,173.64,5.548,7.563,1.381,1.125,0.992,666.57,9,2.7782,0.8,3.2,tp,0.0403,0.0691
1785749580,2026-08-03T09:33:00,flip,1,0.0,1,89.85,3.386,3.879,0.849,0.512,0.229,0.0,1,1.4376,0.8,3.2,tp,0.0779,0.1336
1785755280,2026-08-03T11:08:00,flip,-1,0.0,1,200.1,5.149,7.611,0.988,0.988,0.784,0.0,1,-4.0082,-1.0015,-4.0062,sl,0.035,0.06
1785758160,2026-08-03T11:56:00,cont,-1,48.0,1,219.36,7.159,8.333,1.231,0.88,0.874,29.89,2,-4.4044,-1.0039,-4.0157,sl,0.0319,0.0547
1785764940,2026-08-03T13:49:00,flip,1,0.0,1,435.04,5.101,10.159,1.047,0.801,0.801,0.0,1,6.9606,0.8,3.2,tp,0.0161,0.0276
1785766560,2026-08-03T14:16:00,cont,1,27.0,1,337.19,4.314,4.431,0.895,0.488,0.353,502.73,2,5.395,0.8,3.2,tp,0.0208,0.0356
1785768840,2026-08-03T14:54:00,cont,1,65.0,1,238.05,3.261,2.781,0.903,0.456,0.3,906.51,4,-4.7632,-1.0005,-4.0018,sl,0.0294,0.0504
1785777840,2026-08-03T17:24:00,cont,1,215.0,0,355.39,7.898,10.456,1.174,0.945,0.928,1030.49,5,-7.1202,-1.0017,-4.007,sl,0.0197,0.0338
1785794040,2026-08-03T21:54:00,flip,-1,0.0,1,58.65,2.368,2.77,0.462,0.41,0.269,0.0,1,0.9384,0.8,3.2,tp,0.1194,0.2046
1785794520,2026-08-03T22:02:00,cont,-1,8.0,1,101.98,2.872,4.372,0.597,0.452,0.352,100.18,2,1.6317,0.8,3.2,tp,0.0686,0.1177
1785802620,2026-08-04T00:17:00,cont,-1,143.0,0,272.14,8.031,11.912,1.464,1.464,1.236,194.35,3,-5.4762,-1.0061,-4.0245,sl,0.0257,0.0441
1785810960,2026-08-04T02:36:00,cont,1,78.0,1,249.54,5.403,6.817,0.79,0.79,0.754,428.11,3,-5.0268,-1.0072,-4.0289,sl,0.0281,0.0481
1785818340,2026-08-04T04:39:00,cont,1,201.0,0,394.19,13.079,19.899,1.901,1.661,1.422,530.0,4,-7.894,-1.0013,-4.0052,sl,0.0178,0.0304
1785838500,2026-08-04T10:15:00,flip,-1,0.0,1,302.66,14.075,20.464,2.456,1.784,1.784,0.0,1,-6.0686,-1.0025,-4.0102,sl,0.0231,0.0396
1785843840,2026-08-04T11:44:00,flip,1,0.0,1,164.64,4.188,5.382,0.896,0.883,0.653,0.0,1,2.6342,0.8,3.2,tp,0.0425,0.0729
1785847080,2026-08-04T12:38:00,cont,1,54.0,1,212.3,5.237,7.473,0.779,0.772,0.614,118.53,2,-4.247,-1.0002,-4.0009,sl,0.033,0.0565
1785854460,2026-08-04T14:41:00,cont,1,177.0,0,553.61,6.916,8.556,1.479,0.952,0.939,312.04,4,8.8578,0.8,3.2,tp,0.0126,0.0217
1785932700,2026-08-05T12:25:00,cont,1,1481.0,0,592.6,9.927,23.866,1.406,1.067,1.067,679.24,7,-11.8574,-1.0005,-4.0018,sl,0.0118,0.0202
1785942180,2026-08-05T15:03:00,cont,1,1639.0,0,682.01,10.533,10.676,2.737,2.423,2.358,716.53,8,10.9122,0.8,3.2,tp,0.0103,0.0176
1786104600,2026-08-07T12:10:00,cont,1,289.0,0,223.91,7.06,8.701,1.099,0.999,0.767,800.37,7,-4.4872,-1.002,-4.008,sl,0.0313,0.0536
1786107000,2026-08-07T12:50:00,cont,1,329.0,0,327.41,5.929,8.346,1.039,0.913,0.913,890.18,8,-6.6482,-1.0153,-4.0611,sl,0.0214,0.0367
1786121940,2026-08-07T16:59:00,flip,-1,0.0,1,474.74,16.792,15.476,3.032,2.728,1.719,0.0,1,-9.5456,-1.0054,-4.0214,sl,0.0147,0.0253
1786287420,2026-08-09T14:57:00,cont,1,415.0,0,137.48,8.65,9.132,1.114,0.973,0.973,414.12,7,-2.7938,-1.0161,-4.0643,sl,0.0509,0.0873
1786313640,2026-08-09T22:14:00,cont,1,852.0,0,367.1,10.357,24.514,1.238,1.177,0.982,554.22,8,-7.358,-1.0022,-4.0087,sl,0.0191,0.0327
1786317660,2026-08-09T23:21:00,flip,-1,0.0,1,144.71,4.098,4.636,1.097,0.906,0.414,0.0,1,2.3154,0.8,3.2,tp,0.0484,0.0829
1786347120,2026-08-10T07:32:00,flip,1,0.0,1,502.9,23.984,24.49,5.186,4.916,3.231,0.0,1,-10.0962,-1.0038,-4.0152,sl,0.0139,0.0239
1786368840,2026-08-10T13:34:00,cont,-1,292.0,0,309.62,5.977,9.664,1.003,1.003,0.853,506.2,7,4.9539,0.8,3.2,tp,0.0226,0.0388
1786376160,2026-08-10T15:36:00,cont,-1,24.0,1,118.02,2.464,2.917,0.498,0.272,0.196,270.74,3,1.8883,0.8,3.2,tp,0.0593,0.1017
1786377180,2026-08-10T15:53:00,cont,-1,41.0,1,100.08,2.153,2.466,0.54,0.334,0.189,353.95,5,-2.0246,-1.0115,-4.046,sl,0.0699,0.1199
1786378500,2026-08-10T16:15:00,cont,-1,63.0,1,171.26,3.932,4.24,0.881,0.879,0.355,390.96,6,2.7402,0.8,3.2,tp,0.0409,0.0701
1786380240,2026-08-10T16:44:00,cont,-1,92.0,1,209.57,4.37,5.178,0.854,0.726,0.49,600.34,7,3.3531,0.8,3.2,tp,0.0334,0.0573
1786390140,2026-08-10T19:29:00,flip,1,0.0,1,230.5,10.33,10.179,1.768,1.56,1.045,0.0,1,3.688,0.8,3.2,tp,0.0304,0.0521
1786398000,2026-08-10T21:40:00,flip,-1,0.0,1,81.48,5.302,4.98,1.285,1.251,0.526,0.0,1,1.3037,0.8,3.2,tp,0.0859,0.1473
1786405140,2026-08-10T23:39:00,cont,-1,119.0,1,130.36,7.497,11.681,1.424,1.272,1.089,130.51,2,-2.6276,-1.0078,-4.0313,sl,0.0537,0.0921
1786413840,2026-08-11T02:04:00,flip,1,0.0,1,139.31,8.5,6.912,2.693,1.032,1.032,0.0,1,-2.8006,-1.0052,-4.0207,sl,0.0502,0.0861
1786429620,2026-08-11T06:27:00,cont,-1,67.0,1,115.68,6.496,8.841,0.958,0.935,0.935,34.0,2,-2.3202,-1.0029,-4.0114,sl,0.0605,0.1037
1786437600,2026-08-11T08:40:00,cont,1,95.0,1,75.93,4.797,4.574,1.388,1.092,0.988,100.3,3,1.2149,0.8,3.2,tp,0.0922,0.158
1786439940,2026-08-11T09:19:00,cont,1,134.0,0,50.75,4.067,3.837,0.966,0.538,0.379,168.68,5,0.812,0.8,3.2,tp,0.1379,0.2365
1786440600,2026-08-11T09:30:00,cont,1,145.0,0,49.58,2.312,3.749,0.422,0.411,0.254,226.57,6,0.7933,0.8,3.2,tp,0.1412,0.242
1786441620,2026-08-11T09:47:00,cont,1,162.0,0,94.04,5.501,6.686,1.052,0.741,0.505,266.95,7,1.5046,0.8,3.2,tp,0.0744,0.1276
1786449300,2026-08-11T11:55:00,flip,1,0.0,1,82.56,5.387,6.138,1.198,1.108,0.445,0.0,1,1.321,0.8,3.2,tp,0.0848,0.1453
1786453380,2026-08-11T13:03:00,flip,-1,0.0,1,90.83,6.387,4.175,1.313,0.749,0.408,0.0,1,-1.8188,-1.0012,-4.0048,sl,0.0771,0.1321
1786454280,2026-08-11T13:18:00,cont,-1,15.0,1,112.8,4.033,4.873,0.967,0.967,0.752,12.85,2,1.8048,0.8,3.2,tp,0.0621,0.1064
1786455060,2026-08-11T13:31:00,cont,-1,28.0,1,79.22,2.383,3.684,0.401,0.318,0.3,129.09,3,1.2675,0.8,3.2,tp,0.0884,0.1515
1786458240,2026-08-11T14:24:00,cont,-1,81.0,1,308.81,5.832,5.927,0.967,0.967,0.967,325.88,4,4.941,0.8,3.2,tp,0.0227,0.0389
1786462560,2026-08-11T15:36:00,cont,-1,153.0,0,228.44,5.439,5.284,0.918,0.918,0.587,613.48,6,3.655,0.8,3.2,tp,0.0306,0.0525
1786466760,2026-08-11T16:46:00,cont,-1,223.0,0,207.02,6.411,5.793,1.4,0.996,0.969,831.04,7,3.3123,0.8,3.2,tp,0.0338,0.058
1786475640,2026-08-11T19:14:00,cont,-1,371.0,0,126.08,4.543,4.909,0.822,0.786,0.335,1032.66,9,-2.5268,-1.0021,-4.0082,sl,0.0555,0.0952
1786477140,2026-08-11T19:39:00,flip,1,0.0,1,85.77,3.358,3.367,0.691,0.406,0.406,0.0,1,1.3723,0.8,3.2,tp,0.0816,0.1399
1786480260,2026-08-11T20:31:00,cont,1,52.0,1,139.44,4.922,4.78,1.021,1.013,0.351,321.68,2,-2.8292,-1.0145,-4.0579,sl,0.0502,0.0861
1786490280,2026-08-11T23:18:00,flip,-1,0.0,1,46.46,2.766,2.926,0.891,0.339,0.223,0.0,1,-0.9352,-1.0065,-4.0258,sl,0.1507,0.2583
1786491240,2026-08-11T23:34:00,flip,1,0.0,1,50.44,2.836,3.585,0.717,0.614,0.271,0.0,1,-1.0106,-1.0018,-4.0071,sl,0.1388,0.2379
1786494240,2026-08-12T00:24:00,cont,1,50.0,1,154.72,5.645,7.052,1.008,0.926,0.926,59.66,2,2.4755,0.8,3.2,tp,0.0452,0.0776
1786499040,2026-08-12T01:44:00,cont,1,130.0,0,125.92,5.869,6.227,0.919,0.919,0.919,202.37,8,-2.533,-1.0058,-4.0232,sl,0.0556,0.0953
1786508520,2026-08-12T04:22:00,flip,1,0.0,1,139.04,5.953,8.562,1.02,1.02,0.804,0.0,1,-2.854,-1.0263,-4.1053,sl,0.0503,0.0863
1786511160,2026-08-12T05:06:00,flip,-1,0.0,1,104.24,6.218,6.341,0.95,0.89,0.598,0.0,1,-2.1078,-1.011,-4.0441,sl,0.0672,0.1151
1786512600,2026-08-12T05:30:00,flip,1,0.0,1,56.67,3.865,3.683,1.11,0.411,0.411,0.0,1,-1.1338,-1.0004,-4.0014,sl,0.1235,0.2118
1786515600,2026-08-12T06:20:00,flip,-1,0.0,1,59.31,2.54,3.13,0.47,0.315,0.297,0.0,1,0.949,0.8,3.2,tp,0.118,0.2023
1786521480,2026-08-12T07:58:00,flip,1,0.0,1,172.97,7.37,10.55,0.915,0.915,0.915,0.0,1,2.7675,0.8,3.2,tp,0.0405,0.0694
1786528740,2026-08-12T09:59:00,flip,1,0.0,1,94.24,3.493,3.524,1.084,0.714,0.266,0.0,1,1.5078,0.8,3.2,tp,0.0743,0.1273
1786534260,2026-08-12T11:31:00,cont,1,92.0,1,168.98,7.362,7.986,1.833,1.488,1.148,115.2,2,2.7037,0.8,3.2,tp,0.0414,0.071
1786537680,2026-08-12T12:28:00,cont,1,149.0,0,101.01,2.544,4.472,0.916,0.637,0.466,252.14,5,1.6162,0.8,3.2,tp,0.0693,0.1188
1786540380,2026-08-12T13:13:00,flip,-1,0.0,1,234.59,4.813,4.924,1.022,0.948,0.428,0.0,1,3.7534,0.8,3.2,tp,0.0298,0.0512
1786545240,2026-08-12T14:34:00,cont,-1,81.0,1,355.98,5.402,5.623,1.27,0.904,0.657,368.71,4,-7.1584,-1.0054,-4.0218,sl,0.0197,0.0337
1786617240,2026-08-13T10:34:00,flip,-1,0.0,1,201.65,11.579,11.001,2.146,1.089,0.787,0.0,1,3.2264,0.8,3.2,tp,0.0347,0.0595
1786626360,2026-08-13T13:06:00,flip,1,0.0,1,59.84,1.916,2.407,0.335,0.226,0.183,0.0,1,-1.2278,-1.0259,-4.1036,sl,0.117,0.2005
1786627260,2026-08-13T13:21:00,flip,-1,0.0,1,50.58,2.037,1.908,0.317,0.254,0.146,0.0,1,0.8093,0.8,3.2,tp,0.1384,0.2372
1786630500,2026-08-13T14:15:00,flip,1,0.0,1,196.17,3.754,4.035,0.942,0.927,0.578,0.0,1,-3.9286,-1.0013,-4.0053,sl,0.0357,0.0612
1786636380,2026-08-13T15:53:00,flip,-1,0.0,1,148.59,4.1,4.349,0.874,0.605,0.416,0.0,1,2.3774,0.8,3.2,tp,0.0471,0.0808
1786638540,2026-08-13T16:29:00,cont,-1,36.0,1,186.43,4.014,4.95,0.708,0.708,0.417,238.83,3,2.9829,0.8,3.2,tp,0.0375,0.0644
1786695840,2026-08-14T08:24:00,cont,-1,991.0,0,861.46,17.872,34.576,3.515,3.515,2.401,834.03,4,-17.2466,-1.001,-4.004,sl,0.0081,0.0139
1786958580,2026-08-17T09:23:00,flip,-1,0.0,1,92.18,4.901,6.478,0.809,0.809,0.749,0.0,1,-1.8714,-1.0151,-4.0603,sl,0.0759,0.1302
1786962900,2026-08-17T10:35:00,cont,1,32.0,1,80.63,2.78,6.566,0.381,0.353,0.349,179.12,4,1.2901,0.8,3.2,tp,0.0868,0.1488
1786967100,2026-08-17T11:45:00,cont,1,102.0,1,109.04,7.161,6.317,1.036,0.787,0.589,399.38,5,-2.1906,-1.0045,-4.018,sl,0.0642,0.1101
1786968360,2026-08-17T12:06:00,flip,-1,0.0,1,72.36,2.524,4.342,0.775,0.361,0.361,0.0,1,-1.4548,-1.0053,-4.021,sl,0.0967,0.1658
1786969560,2026-08-17T12:26:00,cont,-1,20.0,1,126.22,4.734,6.547,0.82,0.82,0.512,48.31,2,2.0195,0.8,3.2,tp,0.0555,0.0951
1786978260,2026-08-17T14:51:00,flip,1,0.0,1,248.1,6.347,6.735,1.039,0.987,0.979,0.0,1,3.9696,0.8,3.2,tp,0.0282,0.0484
1786987080,2026-08-17T17:18:00,cont,1,147.0,0,283.06,6.477,10.804,0.946,0.946,0.946,443.89,3,4.529,0.8,3.2,tp,0.0247,0.0424
1787021280,2026-08-18T02:48:00,flip,-1,0.0,1,53.44,1.617,2.454,0.294,0.289,0.211,0.0,1,-1.0906,-1.0204,-4.0816,sl,0.131,0.2246
1787024520,2026-08-18T03:42:00,flip,1,0.0,1,121.44,4.902,6.107,0.939,0.939,0.74,0.0,1,1.943,0.8,3.2,tp,0.0576,0.0988
1787033520,2026-08-18T06:12:00,cont,1,150.0,0,126.39,5.508,6.659,1.02,1.02,0.886,123.23,4,2.0222,0.8,3.2,tp,0.0554,0.0949
1787040180,2026-08-18T08:03:00,flip,-1,0.0,1,57.85,2.528,3.378,0.789,0.426,0.273,0.0,1,0.9256,0.8,3.2,tp,0.121,0.2074
1787042100,2026-08-18T08:35:00,flip,1,0.0,1,101.93,3.94,4.434,1.011,0.471,0.471,0.0,1,-2.0398,-1.0006,-4.0024,sl,0.0687,0.1177
1787046060,2026-08-18T09:41:00,flip,-1,0.0,1,45.68,3.043,2.89,0.88,0.402,0.28,0.0,1,-0.9202,-1.0072,-4.0289,sl,0.1532,0.2627
1787047440,2026-08-18T10:04:00,flip,1,0.0,1,65.08,3.64,4.342,0.807,0.797,0.541,0.0,1,-1.3152,-1.0104,-4.0418,sl,0.1076,0.1844
1787049420,2026-08-18T10:37:00,cont,1,33.0,1,97.04,7.046,6.841,1.235,1.045,1.045,16.64,2,1.5526,0.8,3.2,tp,0.0721,0.1237
1787053380,2026-08-18T11:43:00,cont,1,99.0,1,31.76,2.223,2.072,0.497,0.41,0.151,191.47,4,-0.675,-1.0627,-4.2506,sl,0.2204,0.3778
1787054460,2026-08-18T12:01:00,flip,-1,0.0,1,25.02,1.916,1.561,0.392,0.342,0.139,0.0,1,0.4003,0.8,3.2,tp,0.2798,0.4796
1787055000,2026-08-18T12:10:00,cont,-1,9.0,1,66.97,3.714,4.562,0.849,0.584,0.584,39.8,2,1.0715,0.8,3.2,tp,0.1045,0.1792
1787057940,2026-08-18T12:59:00,cont,-1,58.0,1,41.64,2.877,2.588,1.042,0.468,0.295,102.86,5,0.6662,0.8,3.2,tp,0.1681,0.2882
1787062740,2026-08-18T14:19:00,flip,1,0.0,1,238.37,5.268,6.141,0.961,0.632,0.506,0.0,1,3.8139,0.8,3.2,tp,0.0294,0.0503
1787119260,2026-08-19T06:01:00,flip,-1,0.0,1,42.62,2.105,2.657,0.405,0.303,0.214,0.0,1,0.6819,0.8,3.2,tp,0.1642,0.2816
1787122080,2026-08-19T06:48:00,flip,1,0.0,1,75.5,3.858,3.909,1.008,0.908,0.438,0.0,1,1.208,0.8,3.2,tp,0.0927,0.1589
1787126940,2026-08-19T08:09:00,flip,-1,0.0,1,30.15,1.845,1.903,0.664,0.257,0.257,0.0,1,0.4824,0.8,3.2,tp,0.2322,0.398
1787137440,2026-08-19T11:04:00,flip,1,0.0,1,158.54,10.012,10.904,1.459,1.459,1.109,0.0,1,2.5366,0.8,3.2,tp,0.0442,0.0757
1787145660,2026-08-19T13:21:00,cont,1,137.0,0,232.34,5.771,6.252,1.237,1.017,0.432,514.45,3,3.7174,0.8,3.2,tp,0.0301,0.0516
1787148300,2026-08-19T14:05:00,cont,1,181.0,0,464.96,6.604,7.197,1.621,1.004,0.982,761.44,5,7.4394,0.8,3.2,tp,0.0151,0.0258
1787152920,2026-08-19T15:22:00,cont,1,258.0,0,325.55,2.636,4.588,0.579,0.241,0.203,2431.87,9,5.2088,0.8,3.2,tp,0.0215,0.0369
1787175960,2026-08-19T21:46:00,cont,1,642.0,0,490.78,4.007,3.508,0.876,0.729,0.372,5470.86,10,-9.8526,-1.0038,-4.0151,sl,0.0143,0.0245
1787195400,2026-08-20T03:10:00,flip,-1,0.0,1,917.36,17.126,18.345,2.268,2.19,1.18,0.0,1,-18.4234,-1.0042,-4.0166,sl,0.0076,0.0131
1787213220,2026-08-20T08:07:00,flip,1,0.0,1,814.87,9.926,17.237,1.281,1.001,0.954,0.0,1,13.0379,0.8,3.2,tp,0.0086,0.0147
1787215980,2026-08-20T08:53:00,cont,1,46.0,1,200.2,1.693,1.877,0.503,0.28,0.097,1485.19,2,-4.0458,-1.0104,-4.0418,sl,0.035,0.0599
1787216760,2026-08-20T09:06:00,cont,1,59.0,1,360.72,3.336,3.234,0.857,0.555,0.186,1574.98,3,5.7715,0.8,3.2,tp,0.0194,0.0333
1787220840,2026-08-20T10:14:00,cont,1,127.0,0,464.32,4.967,5.629,0.945,0.904,0.904,1820.71,6,-9.2982,-1.0013,-4.0051,sl,0.0151,0.0258
1787232660,2026-08-20T13:31:00,flip,-1,0.0,1,604.15,5.314,7.88,1.129,1.006,0.957,0.0,1,-12.0916,-1.0007,-4.0028,sl,0.0116,0.0199
1787239740,2026-08-20T15:29:00,flip,1,0.0,1,461.12,3.987,4.621,1.018,0.582,0.392,0.0,1,7.3779,0.8,3.2,tp,0.0152,0.026
1787244960,2026-08-20T16:56:00,cont,1,87.0,1,571.2,6.398,7.98,2.372,1.233,1.04,314.08,2,9.1392,0.8,3.2,tp,0.0123,0.021
1787268300,2026-08-20T23:25:00,cont,1,11.0,1,295.23,3.924,6.778,0.671,0.468,0.468,248.98,3,4.7237,0.8,3.2,tp,0.0237,0.0406
1787271240,2026-08-21T00:14:00,cont,1,60.0,1,461.66,4.181,5.998,0.929,0.86,0.742,554.41,4,7.3866,0.8,3.2,tp,0.0152,0.026
1787274960,2026-08-21T01:16:00,cont,1,122.0,0,284.43,3.152,3.122,0.612,0.441,0.348,1274.76,5,4.5509,0.8,3.2,tp,0.0246,0.0422
1787276820,2026-08-21T01:47:00,cont,1,153.0,0,849.63,5.101,8.446,0.794,0.631,0.421,2444.45,6,-17.0632,-1.0042,-4.0166,sl,0.0082,0.0141
1787293980,2026-08-21T06:33:00,cont,1,439.0,0,1392.4,12.847,17.039,2.441,2.441,2.441,2682.56,7,22.2784,0.8,3.2,tp,0.005,0.0086
1787300700,2026-08-21T08:25:00,cont,1,551.0,0,283.04,1.43,2.152,0.48,0.264,0.264,4289.05,10,4.5286,0.8,3.2,tp,0.0247,0.0424
1787301660,2026-08-21T08:41:00,cont,1,567.0,0,282.68,1.615,1.88,0.364,0.259,0.177,4749.96,11,4.5229,0.8,3.2,tp,0.0248,0.0425
1787311860,2026-08-21T11:31:00,flip,-1,0.0,1,523.54,3.651,5.497,0.986,0.721,0.605,0.0,1,8.3766,0.8,3.2,tp,0.0134,0.0229
1787319300,2026-08-21T13:35:00,cont,-1,124.0,0,1145.31,6.52,9.747,1.156,0.979,0.908,914.6,2,-22.933,-1.0012,-4.0047,sl,0.0061,0.0105
1787324940,2026-08-21T15:09:00,flip,1,0.0,1,1173.91,10.426,10.51,2.523,1.363,0.993,0.0,1,18.7826,0.8,3.2,tp,0.006,0.0102
1787350020,2026-08-21T22:07:00,cont,1,418.0,0,535.94,3.38,3.832,0.884,0.671,0.39,1011.43,4,-10.777,-1.0054,-4.0217,sl,0.0131,0.0224
1787357100,2026-08-22T00:05:00,flip,-1,0.0,1,521.01,4.845,6.863,0.875,0.875,0.641,0.0,1,-10.4704,-1.0048,-4.0193,sl,0.0134,0.023
1787366640,2026-08-22T02:44:00,cont,1,19.0,1,356.66,4.354,5.727,0.986,0.735,0.486,226.82,2,5.7066,0.8,3.2,tp,0.0196,0.0336
1787372280,2026-08-22T04:18:00,flip,-1,0.0,1,211.92,3.316,3.03,0.983,0.45,0.339,0.0,1,-4.2408,-1.0006,-4.0023,sl,0.033,0.0566
1787372940,2026-08-22T04:29:00,flip,1,0.0,1,93.17,1.21,1.338,0.233,0.233,0.142,0.0,1,1.4907,0.8,3.2,tp,0.0751,0.1288
1787375220,2026-08-22T05:07:00,flip,-1,0.0,1,293.2,3.396,4.185,0.879,0.522,0.465,0.0,1,4.6912,0.8,3.2,tp,0.0239,0.0409
1787394120,2026-08-22T10:22:00,cont,-1,315.0,0,106.76,1.196,1.73,0.317,0.217,0.147,1634.18,2,1.7082,0.8,3.2,tp,0.0656,0.1124
1787398620,2026-08-22T11:37:00,flip,1,0.0,1,349.64,5.155,5.599,0.925,0.875,0.875,0.0,1,5.5942,0.8,3.2,tp,0.02,0.0343
1787434560,2026-08-22T21:36:00,flip,-1,0.0,1,430.03,9.469,12.09,2.133,2.022,1.044,0.0,1,6.8805,0.8,3.2,tp,0.0163,0.0279
1787458080,2026-08-23T04:08:00,cont,-1,124.0,0,199.94,3.839,5.566,0.651,0.635,0.422,355.12,6,-4.0022,-1.0009,-4.0034,sl,0.035,0.06
1787460480,2026-08-23T04:48:00,cont,-1,164.0,0,455.84,7.724,10.027,1.401,1.077,0.992,556.13,7,7.2934,0.8,3.2,tp,0.0154,0.0263
1787485140,2026-08-23T11:39:00,flip,1,0.0,1,211.58,3.142,5.402,0.761,0.35,0.317,0.0,1,-4.2596,-1.0066,-4.0265,sl,0.0331,0.0567
1787491020,2026-08-23T13:17:00,cont,1,98.0,1,396.82,10.677,13.55,1.519,1.328,0.898,38.95,2,6.3491,0.8,3.2,tp,0.0176,0.0302
1787519760,2026-08-23T21:16:00,cont,1,577.0,0,1080.48,13.979,35.589,2.642,1.907,1.59,545.55,3,-21.6612,-1.0024,-4.0096,sl,0.0065,0.0111
1787566380,2026-08-24T10:13:00,flip,1,0.0,1,988.89,12.032,17.52,3.198,2.462,1.578,0.0,1,15.8222,0.8,3.2,tp,0.0071,0.0121
1787574660,2026-08-24T12:31:00,cont,1,60.0,1,653.33,7.631,7.051,1.098,0.922,0.901,650.3,2,10.4533,0.8,3.2,tp,0.0107,0.0184
1787581020,2026-08-24T14:17:00,cont,1,166.0,0,1272.01,10.2,8.969,1.654,0.988,0.847,1316.84,4,20.3522,0.8,3.2,tp,0.0055,0.0094
1787624220,2026-08-25T02:17:00,cont,1,83.0,1,1450.97,8.978,18.093,0.994,0.855,0.855,937.44,2,-29.2892,-1.0093,-4.0372,sl,0.0048,0.0083
1787659560,2026-08-25T12:06:00,flip,-1,0.0,1,714.87,8.161,10.521,1.626,0.957,0.957,0.0,1,11.4379,0.8,3.2,tp,0.0098,0.0168
1787672100,2026-08-25T15:35:00,flip,1,0.0,1,406.93,5.109,4.743,1.175,0.999,0.999,0.0,1,-8.1816,-1.0053,-4.0211,sl,0.0172,0.0295
1787686980,2026-08-25T19:43:00,cont,-1,200.0,0,605.93,10.214,13.171,2.571,1.175,1.171,312.93,3,9.6949,0.8,3.2,tp,0.0116,0.0198
1787691660,2026-08-25T21:01:00,cont,-1,278.0,0,325.49,3.303,5.219,0.947,0.475,0.378,970.69,5,5.2078,0.8,3.2,tp,0.0215,0.0369
1787693400,2026-08-25T21:30:00,flip,1,0.0,1,217.77,2.799,2.487,0.894,0.338,0.228,0.0,1,3.4843,0.8,3.2,tp,0.0321,0.0551
1787695200,2026-08-25T22:00:00,cont,1,30.0,1,114.46,1.966,1.675,0.801,0.376,0.138,185.76,3,1.8314,0.8,3.2,tp,0.0612,0.1048
1787702940,2026-08-26T00:09:00,flip,-1,0.0,1,319.45,3.666,5.245,0.954,0.875,0.482,0.0,1,-6.4054,-1.0026,-4.0103,sl,0.0219,0.0376
1787705520,2026-08-26T00:52:00,flip,1,0.0,1,308.78,3.694,4.003,0.937,0.937,0.799,0.0,1,4.9405,0.8,3.2,tp,0.0227,0.0389
1787710800,2026-08-26T02:20:00,cont,1,88.0,1,209.48,4.473,4.849,0.922,0.922,0.755,274.47,3,3.3517,0.8,3.2,tp,0.0334,0.0573
1787734680,2026-08-26T08:58:00,flip,-1,0.0,1,569.1,10.031,11.767,1.366,1.336,1.092,0.0,1,9.1056,0.8,3.2,tp,0.0123,0.0211
1787755500,2026-08-26T14:45:00,cont,-1,189.0,0,794.3,8.514,10.462,2.019,1.165,1.111,629.54,2,-16.0194,-1.0084,-4.0336,sl,0.0088,0.0151
1787780160,2026-08-26T21:36:00,flip,1,0.0,1,157.91,2.708,3.584,0.806,0.431,0.286,0.0,1,2.5266,0.8,3.2,tp,0.0443,0.076
1787782860,2026-08-26T22:21:00,cont,1,45.0,1,160.5,2.382,3.198,0.591,0.514,0.468,119.69,4,-3.2208,-1.0034,-4.0135,sl,0.0436,0.0748
1787783760,2026-08-26T22:36:00,flip,-1,0.0,1,94.58,1.663,1.884,0.312,0.293,0.291,0.0,1,1.5133,0.8,3.2,tp,0.074,0.1269
1787784600,2026-08-26T22:50:00,cont,-1,14.0,1,103.06,2.136,2.012,0.641,0.244,0.244,116.57,2,-2.0616,-1.0002,-4.0008,sl,0.0679,0.1164
1787786700,2026-08-26T23:25:00,flip,1,0.0,1,144.35,3.977,3.483,1.102,0.61,0.433,0.0,1,2.3096,0.8,3.2,tp,0.0485,0.0831
1787817720,2026-08-27T08:02:00,cont,1,517.0,0,643.02,10.565,22.2,1.785,1.599,1.365,396.22,2,10.2883,0.8,3.2,tp,0.0109,0.0187
1787819580,2026-08-27T08:33:00,cont,1,548.0,0,440.79,5.686,6.7,1.015,0.735,0.419,1066.76,4,7.0526,0.8,3.2,tp,0.0159,0.0272
1787837460,2026-08-27T13:31:00,flip,-1,0.0,1,438.97,5.896,9.192,1.301,1.301,1.246,0.0,1,-8.7996,-1.0023,-4.0092,sl,0.0159,0.0273
1787840520,2026-08-27T14:22:00,flip,1,0.0,1,490.34,4.954,4.769,0.881,0.75,0.489,0.0,1,7.8454,0.8,3.2,tp,0.0143,0.0245
1787843520,2026-08-27T15:12:00,cont,1,50.0,1,515.19,3.956,5.232,0.951,0.823,0.404,681.22,2,-10.3734,-1.0068,-4.027,sl,0.0136,0.0233
1787878980,2026-08-28T01:03:00,cont,1,641.0,0,1077.18,12.044,19.297,2.321,2.196,1.591,927.86,4,-21.6136,-1.0032,-4.013,sl,0.0065,0.0111
1787894520,2026-08-28T05:22:00,flip,-1,0.0,1,391.12,9.41,10.237,2.849,2.201,1.181,0.0,1,-7.9202,-1.0125,-4.05,sl,0.0179,0.0307
1787906880,2026-08-28T08:48:00,cont,-1,206.0,0,441.42,9.529,12.204,1.556,1.409,1.409,30.49,2,7.0627,0.8,3.2,tp,0.0159,0.0272
1787914440,2026-08-28T10:54:00,flip,1,0.0,1,118.92,3.29,3.278,0.771,0.393,0.259,0.0,1,1.9027,0.8,3.2,tp,0.0589,0.1009
1787915940,2026-08-28T11:19:00,cont,1,25.0,1,126.76,3.121,3.086,1.001,0.318,0.213,272.74,2,-2.6012,-1.026,-4.1041,sl,0.0552,0.0947
1787917860,2026-08-28T11:51:00,flip,-1,0.0,1,67.31,2.45,1.549,0.578,0.295,0.155,0.0,1,-1.4076,-1.0456,-4.1824,sl,0.104,0.1783
1787919060,2026-08-28T12:11:00,cont,-1,20.0,1,145.83,3.641,3.719,0.833,0.833,0.55,30.62,2,-2.9316,-1.0051,-4.0206,sl,0.048,0.0823
1787920380,2026-08-28T12:33:00,cont,-1,42.0,1,211.51,4.782,5.267,0.939,0.783,0.752,86.83,3,3.3842,0.8,3.2,tp,0.0331,0.0567
1787923320,2026-08-28T13:22:00,cont,-1,91.0,1,193.56,4.692,4.79,1.527,0.888,0.523,265.01,4,3.097,0.8,3.2,tp,0.0362,0.062
1787924340,2026-08-28T13:39:00,cont,-1,108.0,1,162.3,1.74,3.386,0.452,0.437,0.34,402.49,6,-3.2818,-1.011,-4.0441,sl,0.0431,0.0739
1787925720,2026-08-28T14:02:00,cont,-1,131.0,0,521.42,2.97,7.107,0.54,0.54,0.54,552.14,7,8.3427,0.8,3.2,tp,0.0134,0.023
1787926380,2026-08-28T14:13:00,cont,-1,142.0,0,325.7,1.417,3.459,0.251,0.251,0.251,955.65,8,-6.5172,-1.0005,-4.002,sl,0.0215,0.0368
1787927460,2026-08-28T14:31:00,flip,1,0.0,1,395.2,2.638,3.179,0.801,0.537,0.304,0.0,1,6.3232,0.8,3.2,tp,0.0177,0.0304
1787929200,2026-08-28T15:00:00,cont,1,29.0,1,679.92,5.617,5.386,0.869,0.664,0.47,750.58,2,-13.6256,-1.002,-4.008,sl,0.0103,0.0176
1787934120,2026-08-28T16:22:00,flip,-1,0.0,1,320.8,2.571,3.246,0.431,0.281,0.157,0.0,1,5.1328,0.8,3.2,tp,0.0218,0.0374
1787935500,2026-08-28T16:45:00,flip,1,0.0,1,207.02,1.836,1.709,0.575,0.185,0.1,0.0,1,-4.2066,-1.016,-4.064,sl,0.0338,0.058
1787936400,2026-08-28T17:00:00,flip,-1,0.0,1,215.23,2.172,1.797,0.679,0.566,0.14,0.0,1,-4.4444,-1.0325,-4.1299,sl,0.0325,0.0558
1787941140,2026-08-28T18:19:00,cont,-1,79.0,1,420.25,7.091,6.829,1.627,1.264,0.957,14.55,2,6.724,0.8,3.2,tp,0.0167,0.0286
1787942820,2026-08-28T18:47:00,cont,-1,107.0,1,191.54,2.495,3.046,0.596,0.362,0.263,400.46,4,-3.8672,-1.0095,-4.038,sl,0.0365,0.0627
1787944080,2026-08-28T19:08:00,flip,1,0.0,1,131.95,2.075,2.002,0.499,0.304,0.221,0.0,1,2.1112,0.8,3.2,tp,0.0531,0.0909
1787944860,2026-08-28T19:21:00,cont,1,13.0,1,167.35,3.063,2.584,0.61,0.395,0.294,107.71,2,-3.4098,-1.0188,-4.0751,sl,0.0418,0.0717
1787946180,2026-08-28T19:43:00,flip,-1,0.0,1,100.31,2.273,1.954,0.702,0.421,0.176,0.0,1,1.605,0.8,3.2,tp,0.0698,0.1196
1787949120,2026-08-28T20:32:00,cont,-1,49.0,1,271.92,5.393,5.405,1.209,0.895,0.707,250.96,2,-5.5186,-1.0147,-4.059,sl,0.0257,0.0441
1787957100,2026-08-28T22:45:00,flip,1,0.0,1,103.17,2.464,2.849,0.506,0.277,0.196,0.0,1,-2.0746,-1.0054,-4.0217,sl,0.0678,0.1163
1787961300,2026-08-28T23:55:00,cont,1,70.0,1,148.89,5.281,7.474,0.896,0.896,0.896,24.84,2,2.3822,0.8,3.2,tp,0.047,0.0806
1787962860,2026-08-29T00:21:00,cont,1,96.0,1,114.64,2.887,4.457,1.033,0.508,0.398,165.78,5,-2.3524,-1.026,-4.104,sl,0.0611,0.1047
1787964480,2026-08-29T00:48:00,flip,-1,0.0,1,72.94,2.945,2.067,0.819,0.338,0.223,0.0,1,-1.4636,-1.0033,-4.0132,sl,0.096,0.1645
1787965260,2026-08-29T01:01:00,cont,-1,13.0,1,118.5,3.55,3.58,0.887,0.804,0.436,54.13,2,-2.3858,-1.0067,-4.0267,sl,0.0591,0.1013
1787970120,2026-08-29T02:22:00,cont,-1,94.0,1,233.03,7.453,9.72,1.222,1.085,0.982,128.94,3,3.7285,0.8,3.2,tp,0.03,0.0515
1787984760,2026-08-29T06:26:00,cont,-1,338.0,0,41.85,1.224,1.959,0.224,0.154,0.118,374.75,7,-0.8492,-1.0146,-4.0583,sl,0.1673,0.2867
1787985720,2026-08-29T06:42:00,flip,1,0.0,1,50.79,1.828,2.139,0.469,0.289,0.152,0.0,1,0.8126,0.8,3.2,tp,0.1378,0.2363
1787986920,2026-08-29T07:02:00,cont,1,20.0,1,94.82,4.302,4.11,1.121,0.962,0.405,18.25,2,1.5171,0.8,3.2,tp,0.0738,0.1266
1787994000,2026-08-29T09:00:00,cont,1,138.0,0,200.47,7.468,8.423,1.803,1.237,1.006,181.27,5,3.2075,0.8,3.2,tp,0.0349,0.0599
1788028680,2026-08-29T18:38:00,cont,1,716.0,0,416.29,11.939,17.55,1.906,1.906,1.325,723.25,9,6.6606,0.8,3.2,tp,0.0168,0.0288
1788093120,2026-08-30T12:32:00,cont,1,29.0,1,277.2,4.473,7.717,0.914,0.449,0.407,477.91,2,4.4352,0.8,3.2,tp,0.0253,0.0433
1788106380,2026-08-30T16:13:00,cont,1,250.0,0,515.21,6.459,14.083,1.174,1.174,0.929,783.43,5,-10.4218,-1.0114,-4.0457,sl,0.0136,0.0233
1788123660,2026-08-30T21:01:00,cont,-1,30.0,1,364.42,5.81,9.027,0.791,0.6,0.563,347.88,3,-7.3356,-1.0065,-4.0259,sl,0.0192,0.0329
1788131820,2026-08-30T23:17:00,cont,-1,166.0,0,534.79,8.122,9.806,1.658,1.409,1.252,532.01,4,8.5566,0.8,3.2,tp,0.0131,0.0224
1788133080,2026-08-30T23:38:00,cont,-1,187.0,0,330.16,2.239,5.268,0.56,0.344,0.314,1177.45,6,5.2826,0.8,3.2,tp,0.0212,0.0363
1788136500,2026-08-31T00:35:00,flip,1,0.0,1,185.51,2.989,2.146,0.62,0.251,0.157,0.0,1,-3.7248,-1.0039,-4.0157,sl,0.0377,0.0647
1788141600,2026-08-31T02:00:00,flip,-1,0.0,1,385.32,7.152,5.888,1.342,0.994,0.86,0.0,1,-7.7954,-1.0115,-4.0462,sl,0.0182,0.0311
1788144600,2026-08-31T02:50:00,cont,-1,50.0,1,452.29,8.867,8.59,1.421,1.05,0.896,33.75,2,-9.085,-1.0043,-4.0173,sl,0.0155,0.0265
1788160320,2026-08-31T07:12:00,flip,1,0.0,1,321.75,6.735,7.219,2.19,1.881,1.261,0.0,1,5.148,0.8,3.2,tp,0.0218,0.0373
1788167280,2026-08-31T09:08:00,flip,1,0.0,1,403.94,5.579,8.317,0.999,0.607,0.497,0.0,1,-8.1434,-1.008,-4.032,sl,0.0173,0.0297
1788177180,2026-08-31T11:53:00,flip,-1,0.0,1,432.99,12.135,11.707,2.811,1.577,0.989,0.0,1,6.9278,0.8,3.2,tp,0.0162,0.0277
1788179940,2026-08-31T12:39:00,cont,-1,46.0,1,209.65,2.423,3.936,0.56,0.352,0.319,374.9,3,3.3544,0.8,3.2,tp,0.0334,0.0572
1788187260,2026-08-31T14:41:00,flip,1,0.0,1,797.53,6.975,7.838,1.135,1.009,0.983,0.0,1,12.7605,0.8,3.2,tp,0.0088,0.015
1788203580,2026-08-31T19:13:00,cont,1,272.0,0,236.05,4.906,4.337,0.966,0.878,0.563,752.58,6,-4.7256,-1.001,-4.0039,sl,0.0297,0.0508
1788205980,2026-08-31T19:53:00,flip,-1,0.0,1,176.7,3.309,3.979,0.951,0.771,0.519,0.0,1,-3.5468,-1.0036,-4.0145,sl,0.0396,0.0679
1788208320,2026-08-31T20:32:00,cont,-1,39.0,1,345.9,6.85,7.999,0.989,0.989,0.989,98.76,2,5.5344,0.8,3.2,tp,0.0202,0.0347
1788216660,2026-08-31T22:51:00,cont,-1,48.0,1,28.77,0.963,0.931,0.213,0.123,0.063,367.18,5,-0.5912,-1.0275,-4.1098,sl,0.2433,0.4171
1788217200,2026-08-31T23:00:00,cont,-1,57.0,1,118.3,3.448,3.781,0.718,0.425,0.227,438.32,6,1.8928,0.8,3.2,tp,0.0592,0.1014
1788221340,2026-09-01T00:09:00,flip,1,0.0,1,108.71,3.043,4.038,0.596,0.56,0.362,0.0,1,1.7394,0.8,3.2,tp,0.0644,0.1104
1788223980,2026-09-01T00:53:00,flip,-1,0.0,1,141.84,3.387,3.849,0.905,0.553,0.384,0.0,1,2.2694,0.8,3.2,tp,0.0494,0.0846
1788225960,2026-09-01T01:26:00,cont,-1,33.0,1,177.18,3.329,4.197,0.664,0.45,0.353,203.47,3,2.8349,0.8,3.2,tp,0.0395,0.0677
1788236760,2026-09-01T04:26:00,flip,1,0.0,1,237.83,5.655,5.628,0.822,0.822,0.467,0.0,1,3.8053,0.8,3.2,tp,0.0294,0.0505
1788241260,2026-09-01T05:41:00,cont,1,75.0,1,134.34,2.298,3.434,0.485,0.361,0.282,264.8,4,-2.6886,-1.0007,-4.0027,sl,0.0521,0.0893
1788245220,2026-09-01T06:47:00,flip,-1,0.0,1,148.96,4.09,3.872,0.852,0.823,0.324,0.0,1,2.3834,0.8,3.2,tp,0.047,0.0806
1788249960,2026-09-01T08:06:00,cont,-1,79.0,1,269.24,5.511,7.012,0.825,0.813,0.602,378.08,3,4.3078,0.8,3.2,tp,0.026,0.0446
1788251100,2026-09-01T08:25:00,cont,-1,98.0,1,280.96,3.667,6.356,0.777,0.412,0.348,790.77,4,4.4954,0.8,3.2,tp,0.0249,0.0427
1788257880,2026-09-01T10:18:00,cont,-1,211.0,0,277.1,4.532,6.552,1.132,1.091,0.88,1019.87,6,-5.565,-1.0042,-4.0166,sl,0.0253,0.0433
1788259140,2026-09-01T10:39:00,flip,1,0.0,1,142.69,2.696,3.075,0.631,0.328,0.328,0.0,1,-2.856,-1.0008,-4.0031,sl,0.0491,0.0841
1788260400,2026-09-01T11:00:00,flip,-1,0.0,1,70.68,1.612,1.539,0.326,0.285,0.154,0.0,1,-1.4574,-1.031,-4.1239,sl,0.099,0.1698
1788261600,2026-09-01T11:20:00,cont,-1,20.0,1,95.2,2.844,2.281,0.895,0.5,0.324,11.72,2,1.5232,0.8,3.2,tp,0.0735,0.1261
1788266100,2026-09-01T12:35:00,cont,-1,95.0,1,346.44,6.56,7.662,1.535,1.008,0.887,124.88,3,5.543,0.8,3.2,tp,0.0202,0.0346
1788267960,2026-09-01T13:06:00,cont,-1,126.0,0,338.53,4.021,6.619,0.536,0.512,0.458,285.04,4,-6.7932,-1.0033,-4.0134,sl,0.0207,0.0354
1788271260,2026-09-01T14:01:00,flip,1,0.0,1,260.82,2.814,2.771,0.667,0.327,0.298,0.0,1,-5.2458,-1.0056,-4.0225,sl,0.0268,0.046
1788279240,2026-09-01T16:14:00,flip,-1,0.0,1,403.98,5.885,7.23,1.195,0.871,0.871,0.0,1,6.4637,0.8,3.2,tp,0.0173,0.0297
1788280560,2026-09-01T16:36:00,cont,-1,22.0,1,336.36,3.981,5.854,0.872,0.547,0.415,346.59,2,-6.758,-1.0046,-4.0183,sl,0.0208,0.0357
1788285540,2026-09-01T17:59:00,cont,-1,105.0,1,447.19,6.65,9.157,1.517,0.896,0.896,394.99,3,7.155,0.8,3.2,tp,0.0157,0.0268
1788287220,2026-09-01T18:27:00,cont,-1,133.0,0,212.35,3.43,3.917,0.594,0.48,0.255,730.31,6,3.3976,0.8,3.2,tp,0.033,0.0565
1788288180,2026-09-01T18:43:00,cont,-1,149.0,0,437.55,4.612,6.345,0.823,0.663,0.447,1030.26,7,-8.7974,-1.0053,-4.0212,sl,0.016,0.0274
1788289440,2026-09-01T19:04:00,flip,1,0.0,1,217.91,2.58,2.976,0.405,0.24,0.24,0.0,1,3.4866,0.8,3.2,tp,0.0321,0.0551
1788297000,2026-09-01T21:10:00,flip,-1,0.0,1,136.85,2.245,3.435,0.361,0.361,0.361,0.0,1,2.1896,0.8,3.2,tp,0.0512,0.0877
1788302940,2026-09-01T22:49:00,flip,1,0.0,1,312.56,6.529,7.878,1.249,1.026,1.026,0.0,1,5.001,0.8,3.2,tp,0.0224,0.0384
1788309240,2026-09-02T00:34:00,flip,-1,0.0,1,91.13,1.673,2.191,0.361,0.348,0.215,0.0,1,1.4581,0.8,3.2,tp,0.0768,0.1317
1788312600,2026-09-02T01:30:00,cont,-1,56.0,1,248.95,4.828,5.106,0.991,0.92,0.92,140.04,2,3.9832,0.8,3.2,tp,0.0281,0.0482
1788313800,2026-09-02T01:50:00,cont,-1,76.0,1,198.09,2.731,3.822,0.56,0.314,0.299,466.32,3,-3.964,-1.0006,-4.0022,sl,0.0353,0.0606
1788316020,2026-09-02T02:27:00,flip,1,0.0,1,81.69,1.459,1.297,0.361,0.215,0.141,0.0,1,-1.7456,-1.0684,-4.2737,sl,0.0857,0.1469
1788318060,2026-09-02T03:01:00,cont,1,34.0,1,274.73,6.722,5.598,0.995,0.894,0.521,129.34,2,4.3957,0.8,3.2,tp,0.0255,0.0437
1788338280,2026-09-02T08:38:00,flip,-1,0.0,1,87.76,1.682,2.394,0.317,0.187,0.155,0.0,1,1.4042,0.8,3.2,tp,0.0798,0.1367
1788340980,2026-09-02T09:23:00,cont,-1,45.0,1,326.62,4.943,5.923,0.741,0.715,0.44,359.0,2,5.2259,0.8,3.2,tp,0.0214,0.0367
1788347640,2026-09-02T11:14:00,flip,1,0.0,1,214.0,3.152,4.02,0.955,0.414,0.414,0.0,1,-4.3092,-1.0068,-4.0273,sl,0.0327,0.0561
1788350220,2026-09-02T11:57:00,cont,1,43.0,1,432.68,10.528,7.756,2.294,1.307,1.015,39.04,2,6.9229,0.8,3.2,tp,0.0162,0.0277
1788356520,2026-09-02T13:42:00,cont,1,15.0,1,588.89,5.396,11.025,0.976,0.976,0.964,286.2,2,9.4222,0.8,3.2,tp,0.0119,0.0204
1788419040,2026-09-03T07:04:00,cont,1,282.0,0,1004.31,18.312,29.984,2.579,2.497,2.168,647.47,3,16.069,0.8,3.2,tp,0.007,0.0119
1788443400,2026-09-03T13:50:00,cont,1,688.0,0,172.03,1.491,2.157,0.35,0.316,0.263,1466.43,7,-3.4886,-1.014,-4.0558,sl,0.0407,0.0698
1788444000,2026-09-03T14:00:00,flip,-1,0.0,1,153.74,1.97,2.331,0.536,0.312,0.278,0.0,1,-3.1596,-1.0276,-4.1103,sl,0.0455,0.0781
1788444660,2026-09-03T14:11:00,flip,1,0.0,1,128.58,1.491,1.886,0.484,0.437,0.232,0.0,1,2.0573,0.8,3.2,tp,0.0544,0.0933
1788445320,2026-09-03T14:22:00,cont,1,11.0,1,247.75,2.648,2.896,0.556,0.452,0.31,285.41,2,3.964,0.8,3.2,tp,0.0283,0.0484
1788446760,2026-09-03T14:46:00,cont,1,35.0,1,353.07,2.946,3.697,0.969,0.36,0.276,1007.25,3,5.6491,0.8,3.2,tp,0.0198,0.034
1788447540,2026-09-03T14:59:00,cont,1,48.0,1,444.07,2.791,4.089,0.548,0.449,0.235,1597.53,4,7.1051,0.8,3.2,tp,0.0158,0.027
1788449940,2026-09-03T15:39:00,cont,1,88.0,1,560.0,6.484,4.736,1.571,0.891,0.405,2028.77,5,8.96,0.8,3.2,tp,0.0125,0.0214
1788462240,2026-09-03T19:04:00,cont,1,136.0,0,583.82,9.373,10.751,1.375,1.127,1.033,429.59,6,9.3411,0.8,3.2,tp,0.012,0.0206
1788474060,2026-09-03T22:21:00,cont,-1,78.0,1,1030.21,16.341,13.801,3.955,2.009,0.982,126.23,2,16.4834,0.8,3.2,tp,0.0068,0.0116
1788525900,2026-09-04T12:45:00,flip,-1,0.0,1,729.97,3.37,11.636,0.777,0.368,0.368,0.0,1,11.6795,0.8,3.2,tp,0.0096,0.0164
1788625560,2026-09-05T16:26:00,flip,1,0.0,1,500.27,18.402,25.209,3.423,3.175,2.223,0.0,1,-10.0896,-1.0084,-4.0337,sl,0.014,0.024
1788706860,2026-09-06T15:01:00,cont,-1,63.0,1,304.46,5.699,6.687,0.893,0.552,0.479,358.49,4,-6.0976,-1.0014,-4.0055,sl,0.023,0.0394
1788711120,2026-09-06T16:12:00,flip,1,0.0,1,138.45,3.942,4.741,1.045,1.045,0.601,0.0,1,-2.8148,-1.0165,-4.0662,sl,0.0506,0.0867
1788717720,2026-09-06T18:02:00,cont,1,110.0,1,202.95,9.444,8.139,2.981,2.607,0.957,42.54,3,3.2472,0.8,3.2,tp,0.0345,0.0591
1788720000,2026-09-06T18:40:00,cont,1,148.0,0,57.15,2.671,2.949,0.524,0.361,0.222,220.3,4,-1.2356,-1.081,-4.3241,sl,0.1225,0.21
1788725160,2026-09-06T20:06:00,flip,-1,0.0,1,37.64,1.87,3.031,0.739,0.739,0.402,0.0,1,-0.8452,-1.1227,-4.491,sl,0.186,0.3188
1788728880,2026-09-06T21:08:00,flip,1,0.0,1,89.12,3.734,4.327,0.836,0.836,0.399,0.0,1,-1.8504,-1.0382,-4.1526,sl,0.0785,0.1346
1788732120,2026-09-06T22:02:00,flip,-1,0.0,1,169.57,4.56,6.073,0.957,0.875,0.758,0.0,1,2.7131,0.8,3.2,tp,0.0413,0.0708
1788735780,2026-09-06T23:03:00,flip,1,0.0,1,295.83,4.693,7.159,0.723,0.633,0.404,0.0,1,4.7333,0.8,3.2,tp,0.0237,0.0406
1788738360,2026-09-06T23:46:00,cont,1,43.0,1,173.53,2.438,3.516,0.417,0.364,0.274,236.81,2,-3.478,-1.0021,-4.0085,sl,0.0403,0.0692
1788739200,2026-09-07T00:00:00,flip,-1,0.0,1,100.66,1.624,1.979,0.296,0.234,0.193,0.0,1,-2.0244,-1.0056,-4.0223,sl,0.0695,0.1192
1788740220,2026-09-07T00:17:00,cont,-1,17.0,1,236.92,3.782,4.51,0.862,0.67,0.496,48.98,2,3.7907,0.8,3.2,tp,0.0295,0.0507
1788743340,2026-09-07T01:09:00,cont,-1,69.0,1,285.24,4.31,5.414,1.077,1.077,0.693,277.78,3,-5.8018,-1.017,-4.068,sl,0.0245,0.0421
1788750720,2026-09-07T03:12:00,flip,-1,0.0,1,194.13,3.166,4.008,0.941,0.363,0.292,0.0,1,3.1061,0.8,3.2,tp,0.0361,0.0618
1788754320,2026-09-07T04:12:00,cont,-1,60.0,1,148.59,3.893,3.892,1.021,0.984,0.51,244.45,3,-2.9812,-1.0032,-4.0127,sl,0.0471,0.0808
1788757440,2026-09-07T05:04:00,flip,1,0.0,1,61.98,1.9,1.916,0.496,0.268,0.268,0.0,1,-1.242,-1.0019,-4.0077,sl,0.1129,0.1936
1788758100,2026-09-07T05:15:00,cont,1,11.0,1,186.59,4.056,5.505,1.03,0.963,0.621,64.42,2,-3.867,-1.0362,-4.1449,sl,0.0375,0.0643
1788765540,2026-09-07T07:19:00,flip,-1,0.0,1,108.13,3.368,4.099,0.867,0.867,0.524,0.0,1,1.7301,0.8,3.2,tp,0.0647,0.111
1788766080,2026-09-07T07:28:00,cont,-1,9.0,1,127.14,2.53,4.651,0.579,0.458,0.392,145.61,2,2.0342,0.8,3.2,tp,0.0551,0.0944
1788766380,2026-09-07T07:33:00,cont,-1,14.0,1,172.56,2.169,6.054,0.42,0.341,0.317,237.68,3,2.761,0.8,3.2,tp,0.0406,0.0695
1788785400,2026-09-07T12:50:00,flip,1,0.0,1,281.33,14.021,12.415,2.927,2.927,1.523,0.0,1,-5.635,-1.0015,-4.006,sl,0.0249,0.0427
1788789900,2026-09-07T14:05:00,flip,-1,0.0,1,130.92,3.418,4.231,0.83,0.822,0.342,0.0,1,2.0947,0.8,3.2,tp,0.0535,0.0917
1788790860,2026-09-07T14:21:00,cont,-1,16.0,1,146.38,2.267,3.752,0.798,0.388,0.247,228.08,2,2.3421,0.8,3.2,tp,0.0478,0.082
1788795000,2026-09-07T15:30:00,cont,-1,85.0,1,300.23,4.389,6.898,0.913,0.814,0.657,325.29,4,4.8037,0.8,3.2,tp,0.0233,0.04
1788795600,2026-09-07T15:40:00,cont,-1,95.0,1,175.65,2.536,3.856,0.425,0.401,0.31,570.21,5,-3.5894,-1.0217,-4.087,sl,0.0399,0.0683
1788801600,2026-09-07T17:20:00,flip,1,0.0,1,61.16,2.383,2.411,0.441,0.296,0.164,0.0,1,-1.2764,-1.0435,-4.174,sl,0.1145,0.1962
1788802860,2026-09-07T17:41:00,cont,1,21.0,1,109.83,3.923,4.732,1.106,1.106,0.527,0.23,2,1.7573,0.8,3.2,tp,0.0637,0.1093
1788809460,2026-09-07T19:31:00,cont,1,131.0,0,113.35,5.4,5.192,1.066,0.949,0.628,102.76,5,1.8136,0.8,3.2,tp,0.0618,0.1059
1788819360,2026-09-07T22:16:00,flip,-1,0.0,1,158.83,4.033,7.304,0.916,0.911,0.752,0.0,1,2.5413,0.8,3.2,tp,0.0441,0.0756
1788828900,2026-09-08T00:55:00,flip,1,0.0,1,126.43,3.36,2.954,1.034,0.382,0.365,0.0,1,2.0229,0.8,3.2,tp,0.0554,0.0949
1788834540,2026-09-08T02:29:00,flip,-1,0.0,1,237.02,4.653,7.414,0.945,0.945,0.945,0.0,1,3.7923,0.8,3.2,tp,0.0295,0.0506
1788836640,2026-09-08T03:04:00,cont,-1,35.0,1,84.94,1.799,2.125,0.344,0.245,0.138,342.32,4,-1.7442,-1.0267,-4.1069,sl,0.0824,0.1413
1788837540,2026-09-08T03:19:00,cont,-1,50.0,1,142.68,3.638,3.407,0.99,0.538,0.226,406.33,5,2.2829,0.8,3.2,tp,0.0491,0.0841
1788843180,2026-09-08T04:53:00,cont,-1,144.0,0,249.74,7.836,8.386,2.157,1.646,1.203,535.44,6,3.9958,0.8,3.2,tp,0.028,0.048
1788847500,2026-09-08T06:05:00,cont,-1,216.0,0,371.88,5.41,6.89,1.296,1.084,0.81,778.55,7,5.9501,0.8,3.2,tp,0.0188,0.0323
