time,t,kind,d,e,sl,tp,exit,why,pnl,ordinal,bars_since_flip,ref_level,overshoot,stop_dist,overshoot_ratio,body,range,body_range,close_loc,se_flip,prog_flip,travel_flip,disturb_flip,prog_per_disturb,se_60,chochs_2h,repairs_2h,flips_2h,disturb_2h,atr14,med_range60,stop_atr,stop_med60,range15,range30,range60,stop_range60,tp_dist
2026-09-08T07:36:00,1788852960,flip,1,78508.36,78420.15,78578.93,78419.44,sl,-1.7784,1,0,78499.15,2.2000000000116415,88.2100000000064,0.024940482938572518,21.670000000012806,27.130000000004657,0.7987467747883924,0.8407666789534946,nan,nan,nan,nan,nan,0.11152875790706152,2,1,1,3,37.07714285714402,37.24500000000262,2.3790937813054844,2.3683715935024887,108.13000000000466,156.56999999999243,277.7299999999959,0.31761062902822057,70.56800000000513
2026-09-08T09:33:00,1788859980,cont,1,78578.03,78174.89,78900.54,78900.54,tp,6.4502,2,117,78543.01,25.419999999998254,403.1399999999994,0.06305501810784911,50.85999999998603,59.55999999999767,0.853928811282539,0.9986568166554441,0.021453380154659217,67.0799999999872,3126.780000000086,2,22.359999999995733,0.056804386956338083,1,1,1,2,40.15642857142978,38.76000000000204,10.039239403048475,10.400928792569097,250.14999999999418,266.2899999999936,266.2899999999936,1.5139134026813215,322.51199999999955
2026-09-08T10:51:00,1788864660,flip,-1,78618.94,78671.7,78576.73,78576.73,tp,0.8442,1,0,78626.37,3.1499999999941792,52.75999999999476,0.05970432145554382,30.30999999999767,34.580000000001746,0.8765182186233702,0.9476576055524124,nan,nan,nan,nan,nan,0.09080149234529293,1,1,1,2,29.020000000000955,31.5,1.8180565127495874,1.6749206349204686,85.16000000000349,282.83000000000175,355.1600000000035,0.1485527649509918,42.20799999999581
2026-09-08T12:03:00,1788868980,cont,-1,78237.23,78465.06,78054.97,78465.51,sl,-4.5656,2,72,78261.99,28.620000000009895,227.83000000000175,0.12561997980954956,42.74000000000524,75.72999999999593,0.5643734319293218,0.7596725207975958,0.24965579072076846,389.8500000000058,1561.5499999999593,0,389.8500000000058,0.17518105020012167,1,0,1,1,54.12928571428555,41.43999999999505,4.208996978134405,5.497828185328884,224.0,255.97000000000116,268.27999999999884,0.8492246906217487,182.2640000000014
2026-09-08T15:03:00,1788879780,flip,1,78610.99,78422.8,78761.54,78761.54,tp,3.011,1,0,78605.94,1.360000000000582,188.19000000000233,0.007226738934059011,62.2100000000064,108.97000000000116,0.5708910709370077,0.6544920620354797,nan,nan,nan,nan,nan,0.39221688775878527,1,1,1,2,58.53999999999879,63.56500000000233,3.2147249743766007,2.9605915204907642,222.14999999999418,401.7899999999936,769.0800000000017,0.24469496021220408,150.55200000000187
2026-09-08T16:40:00,1788885600,cont,1,78933.92,78560.58,79232.59,78560.02,sl,-7.478,4,97,78892.41,33.779999999998836,373.3399999999965,0.09048052713344178,53.24000000000524,101.06999999999243,0.5267636291679947,0.5997823290788551,0.11151052721760214,318.8899999999994,2859.730000000054,2,106.29666666666647,0.17667682686081418,2,1,1,3,53.98857142857118,50.73999999999796,6.915167231160002,7.357903035081031,363.75999999999476,406.0599999999977,406.0599999999977,0.9194207752548851,298.67199999999724
2026-09-08T17:44:00,1788889440,flip,-1,78514.05,78654.31,78401.84,78654.88,sl,-2.8166,1,0,78527.97,19.470000000001164,140.25999999999476,0.1388136318266212,43.11000000000058,45.50999999999476,0.9472643375083618,0.9817622500548925,nan,nan,nan,nan,nan,0.19118104696315846,1,0,1,1,39.875714285712874,44.924999999995634,3.517429154874066,3.1220923761827133,146.63999999999942,201.15000000000873,381.8500000000058,0.367317009296825,112.20799999999582
2026-09-08T18:16:00,1788891360,flip,1,78711.7,78624.01,78781.85,78781.85,tp,1.403,1,0,78701.88,10.220000000001164,87.69000000000233,0.11654692667351914,51.63999999999942,61.919999999998254,0.8339793281653888,0.8339793281653888,nan,nan,nan,nan,nan,0.021660512391039926,2,0,2,2,42.241428571428905,39.320000000006985,2.075924109709532,2.2301627670393374,226.38999999999942,246.38000000000466,246.38000000000466,0.3559136293530346,70.15200000000186
2026-09-08T18:47:00,1788893220,flip,-1,78517.5,78640.67,78418.96,78418.96,tp,1.9707,1,0,78573.26,55.55999999999767,123.16999999999825,0.45108386782494486,117.88999999999942,135.27000000000407,0.8715162268056174,0.8890367413321926,nan,nan,nan,nan,nan,0.020260643961551614,3,0,3,3,42.71428571428675,35.71499999999651,2.8835785953176147,3.4486910261797648,249.56999999999243,305.97000000000116,332.6600000000035,0.3702579210004117,98.53599999999861
2026-09-08T18:52:00,1788893520,cont,-1,78277.25,78437.53,78149.03,78438.1,sl,-3.217,2,5,78297.59,22.819999999992433,160.27999999999884,0.1423758422759708,94.15999999998894,95.16999999999825,0.9893874119994817,0.9893874119994817,0.6003163071144026,242.92999999999302,404.6700000000128,0,242.92999999999302,0.2086207539430983,3,0,3,3,67.79428571428538,38.020000000004075,2.364211058664863,4.215675960020559,366.9100000000035,534.9000000000087,534.9000000000087,0.29964479341932365,128.22399999999908
2026-09-08T20:10:00,1788898200,flip,1,78566.39,78313.32,78768.85,78768.85,tp,4.0491,1,0,78510.94,36.48999999999069,253.06999999999243,0.14418935472395691,43.65999999998894,49.5,0.8820202020199785,0.8979797979797391,nan,nan,nan,nan,nan,0.07994333444289979,2,0,3,2,41.890000000003575,40.5,6.041298639292691,6.248641975308455,238.0399999999936,241.2899999999936,241.2899999999936,1.0488209208835806,202.45599999999396
2026-09-09T00:58:00,1788915480,cont,1,78796.88,78709.88,78866.48,78706.44,sl,-1.8088,2,15,78775.45,6.430000000007567,87.0,0.07390804597709848,0.7799999999988358,16.860000000000582,0.04626334519565889,0.8060498220646851,0.4172851665552398,118.63000000000466,284.29000000003725,0,118.63000000000466,0.2863590566918679,2,0,2,2,32.19071428571312,32.56500000000233,2.702642731932554,2.671579917088708,136.6999999999971,230.51999999998952,357.2899999999936,0.24349967813261372,69.60000000000001
2026-09-09T01:09:00,1788916140,cont,1,78808.9,78687.92,78905.68,78685.11,sl,-2.4758,3,26,78785.15,18.620000000009895,120.97999999999593,0.1539097371467228,57.76000000000931,58.05999999999767,0.9948329314504242,1.0,0.24566433566432405,140.52000000000407,572.0000000000437,2,46.84000000000136,0.14846962083142573,3,1,2,4,38.52142857142878,35.46499999999651,3.140589653254096,3.411250528690479,115.85000000000582,207.52000000000407,249.13999999999942,0.48559043108291006,96.78399999999675
2026-09-09T01:37:00,1788917820,cont,1,78879.08,78621.82,79084.89,78618.32,sl,-5.2152,4,54,78863.3,3.8399999999965075,257.25999999999476,0.014926533468073488,83.66999999999825,83.66999999999825,1.0,1.0,0.15141433419725714,203.88999999999942,1346.5699999999924,4,40.777999999999885,0.17818683287252335,4,2,2,6,40.69999999999917,33.80500000000029,6.320884520884521,7.610116846620102,222.4100000000035,249.75999999999476,272.3000000000029,0.9447668013220419,205.80799999999581
2026-09-09T03:26:00,1788924360,cont,-1,78533.88,78621.33,78463.92,78621.98,sl,-1.762,3,25,78575.81,44.169999999998254,87.44999999999709,0.505088622069751,41.33999999999651,51.0399999999936,0.8099529780564595,1.0,0.2654062300843873,137.43000000000757,517.8100000000413,0,137.43000000000757,0.261803905362104,1,1,1,2,32.1942857142858,29.159999999996217,2.71632055378052,2.9989711934159273,124.61000000000058,215.57000000000698,303.5599999999977,0.2880814336539655,69.95999999999768
2026-09-09T04:00:00,1788926400,flip,1,78769.73,78584.8,78917.67,78917.67,tp,2.9589,1,0,78655.99,111.55999999999767,184.92999999999302,0.6032552857838203,148.63000000000466,151.88999999999942,0.9785370992165727,0.9785370992165727,nan,nan,nan,nan,nan,0.05746659842214929,2,0,2,2,38.32071428571362,28.040000000000873,4.825849503252525,6.595221112695694,186.00999999999476,203.94000000000233,242.3399999999965,0.763101427746124,147.94399999999442
2026-09-09T04:43:00,1788928980,cont,1,79155.37,78730.9,79494.95,79494.95,tp,6.7915,2,43,78931.71,232.14999999999418,424.47000000000116,0.5469173322024962,244.77000000000407,251.66999999999825,0.9725831445941343,0.9782254539675131,0.34997659816846916,396.3099999999977,1132.390000000014,0,396.3099999999977,0.3437684042455725,1,0,2,1,42.24999999999792,31.375,10.046627218935434,13.528924302788882,317.8799999999901,410.00999999999476,584.5399999999936,0.726160741779871,339.57600000000093
2026-09-09T11:01:00,1788951660,flip,-1,78836.71,79157.76,78579.87,79158.96,sl,-6.445,1,0,78877.78,33.470000000001164,321.04999999998836,0.10425167419405817,46.63000000000466,61.85000000000582,0.7539207760711442,0.7539207760711442,nan,nan,nan,nan,nan,0.10796652353857884,1,0,1,1,44.60500000000008,42.950000000004366,7.197623584799636,7.474970896390122,211.54000000000815,346.2100000000064,346.2100000000064,0.9273273446751463,256.8399999999907
2026-09-09T12:31:00,1788957060,flip,1,79468.55,79285.44,79615.04,79615.04,tp,2.9298,1,0,79422.83,33.59999999999127,183.11000000000058,0.18349625907919373,47.96999999998661,57.25999999999476,0.8377575969261439,0.9666433810687449,nan,nan,nan,nan,nan,0.29949106403124076,1,0,2,1,42.151428571430316,41.87000000000262,4.34409950518522,4.373298304274877,172.89999999999418,209.8399999999965,525.0500000000029,0.34874773831063627,146.48800000000048
2026-09-09T13:42:00,1788961320,flip,-1,79174.42,79447.71,78955.79,78955.79,tp,4.3726,1,0,79256.57,78.79000000000815,273.29000000000815,0.288301803944549,137.52000000000407,143.18000000000757,0.960469339293175,0.960469339293175,nan,nan,nan,nan,nan,0.17533703251137106,2,0,2,2,111.95285714285481,52.04000000000087,2.441116796610942,5.25153727901621,498.070000000007,498.070000000007,498.070000000007,0.5486979741803447,218.63200000000654
2026-09-09T14:56:00,1788965760,cont,-1,78880.42,79364.02,78493.54,79364.24,sl,-9.6764,3,74,78886.68,6.309999999997672,483.6000000000058,0.013047973531839528,29.980000000010477,34.23000000001048,0.8758399065147912,0.8758399065147912,0.07936584181270519,297.4100000000035,3747.329999999987,2,99.13666666666784,0.10368831606545519,2,1,1,3,80.59357142857127,84.04499999999098,6.000478591876431,5.754060324826673,273.84000000001106,519.6800000000076,550.7299999999959,0.878107239482159,386.88000000000466
2026-09-09T15:01:00,1788966060,cont,-1,78766.49,79372.4,78281.76,78281.76,tp,9.6946,4,79,78876.12,40.36999999999534,605.9099999999889,0.0666270568236142,532.9100000000035,756.4800000000105,0.7044601311336666,0.7044601311336666,0.07161417166211968,342.02999999999884,4776.00999999998,4,68.40599999999976,0.01758213824220845,3,2,1,5,142.52000000000095,82.43999999999505,4.251403311815779,7.349708879185169,760.2200000000012,783.6200000000099,783.6200000000099,0.773219162349074,484.7279999999912
2026-09-09T15:22:00,1788967320,cont,-1,78115.36,78610.72,77719.07,78613.42,sl,-9.9612,5,100,78225.96,108.22000000000116,495.3600000000006,0.218467377260984,152.81999999999243,167.36999999999534,0.9130668578598117,0.9130668578598117,0.16447529705289993,1060.0399999999936,6444.979999999967,4,212.00799999999873,0.1906144871149257,3,2,1,5,130.28999999999982,89.11499999999796,3.8019801980198116,5.558660158222655,564.1199999999953,1269.2099999999919,1292.6100000000006,0.3832246385220603,396.28800000000047
2026-09-09T16:03:00,1788969780,flip,1,78725.05,78530.29,78880.86,78529.86,sl,-3.9038,1,0,78715.42,2.8000000000029104,194.7600000000093,0.01437666872049074,31.930000000007567,57.0,0.560175438596624,0.9547368421052326,nan,nan,nan,nan,nan,-0.040181321418151505,3,2,1,5,59.3878571428556,95.24000000000524,3.279458282717969,2.044939101217961,198.08000000000175,285.6200000000099,872.0200000000041,0.22334350129585148,155.80800000000747
2026-09-09T16:22:00,1788970920,flip,-1,78468.13,78653.26,78320.03,78654.71,sl,-3.7316,1,0,78470.52,4.559999999997672,185.1299999999901,0.02463134013935027,131.14999999999418,131.25,0.9992380952380508,0.9992380952380508,nan,nan,nan,nan,nan,-0.12126256259533252,4,2,2,6,75.76714285714219,73.11999999999534,2.4434074325469806,2.5318654266958682,188.0399999999936,308.81999999999243,737.4599999999919,0.2510373443983296,148.10399999999208
2026-09-09T21:05:00,1788987900,flip,1,78330.27,78080.22,78530.31,78079.15,sl,-5.0224,1,0,78302.2,18.40000000000873,250.0500000000029,0.07358528294344538,18.760000000009313,30.30999999999767,0.6189376443421561,0.6506103596173765,nan,nan,nan,nan,nan,0.04390039863361929,1,0,1,1,36.327142857140906,36.78500000000349,6.883282866019562,6.797607720537696,186.97999999999593,250.97000000000116,431.4400000000023,0.5795707398479547,200.04000000000235
2026-09-09T22:07:00,1788991620,flip,-1,77957.37,78179.64,77779.55,77779.55,tp,3.5563,1,0,77975.28,17.889999999999418,222.27000000000407,0.08048769514553962,35.25,69.39000000001397,0.5079982706440828,0.6799250612479906,nan,nan,nan,nan,nan,0.2064743374706442,2,0,2,2,50.53714285714523,36.97000000000844,4.398151289009372,6.012172031375529,244.4600000000064,323.7100000000064,344.5100000000093,0.6451772082087547,177.81600000000327
2026-09-10T01:05:00,1789002300,flip,1,78371.02,78085.26,78599.63,78083.22,sl,-5.756,1,0,78339.22,24.569999999992433,285.7600000000093,0.08598124300109054,85.69999999999709,138.75,0.6176576576576367,0.6609009009008799,nan,nan,nan,nan,nan,0.028704995813563703,1,0,1,1,57.85785714285781,40.950000000004366,4.939000753077226,6.978266178265661,339.52999999999884,339.52999999999884,339.52999999999884,0.8416340235031081,228.60800000000745
2026-09-10T03:04:00,1789009440,cont,1,78477.69,77935.07,78911.79,77932.17,sl,-10.9104,2,119,78469.78,1.610000000000582,542.6199999999953,0.0029670856216147505,53.720000000001164,121.75,0.441232032854219,0.466529774127334,0.033165860123910054,107.60000000000582,3244.300000000134,2,35.86666666666861,0.3794599110025685,1,1,1,2,47.337142857146056,33.78500000001077,11.46288025108556,16.060973804937763,288.7299999999959,444.36999999999534,590.2899999999936,0.9192430839079118,434.0959999999963
2026-09-10T10:33:00,1789036380,flip,-1,77813.67,78204.12,77501.31,77501.31,tp,6.2472,1,0,77877.98,66.47999999999593,390.4499999999971,0.1702650787552732,71.30999999999767,84.67999999999302,0.8421114785073637,1.0,nan,nan,nan,nan,nan,0.19753946704472877,0,0,1,0,33.369285714286626,30.840000000003783,11.700879765395488,12.660505836574227,180.22000000000116,198.66999999999825,295.070000000007,1.3232453316161854,312.3599999999977
2026-09-10T14:28:00,1789050480,flip,1,77344.31,76922.34,77681.89,76921.78,sl,-8.4506,1,0,77287.84,49.48000000001048,421.97000000000116,0.11725952081904008,61.61000000000058,68.90000000000873,0.8941944847604176,0.9333817126270548,nan,nan,nan,nan,nan,0.13613978162514975,1,0,1,1,83.82857142857185,81.26499999999214,5.033725289706873,5.192518304313566,419.570000000007,419.570000000007,606.2799999999988,0.6959985485254371,337.57600000000093
2026-09-10T16:17:00,1789057020,cont,-1,76866.96,76972.69,76782.38,76974.58,sl,-2.1524,2,13,76880.93,0.3799999999901047,105.72999999999593,0.003594060342288086,30.330000000001746,66.93000000000757,0.4531600179291546,0.4531600179291546,0.38048672566369557,171.97999999999593,452.00000000001455,0,171.97999999999593,0.1925469242361904,1,0,2,1,55.03928571428696,53.93499999999767,1.9209914995781059,1.9603226105497449,286.6100000000006,439.0899999999965,467.3600000000006,0.22622817528242853,84.58399999999675
2026-09-10T16:34:00,1789058040,cont,-1,76784.72,77013.28,76601.87,77014.02,sl,-4.586,3,30,76843.95,48.58999999999651,228.55999999999767,0.21259187959396658,80.63000000000466,89.11999999999534,0.9047351885099738,1.0,0.2679607806362118,257.16999999999825,959.730000000025,2,85.72333333333275,0.1708823559739735,2,1,1,3,47.161428571428196,54.169999999998254,4.846333262654095,4.219309580948957,251.63000000000466,288.0599999999977,515.9499999999971,0.4429886616920224,182.84799999999814
2026-09-10T16:45:00,1789058700,flip,1,77056.62,76928.18,77159.37,77159.37,tp,2.055,1,0,77027.63,31.95999999999185,128.44000000000233,0.24883213952033068,57.69999999999709,67.77999999999884,0.8512835644732677,0.9077899085275877,nan,nan,nan,nan,nan,-0.07035156984395755,3,1,2,4,60.57714285714298,57.470000000001164,2.1202716724837622,2.2349051679136895,313.31999999999243,313.31999999999243,530.5199999999895,0.24210208851693596,102.75200000000187
2026-09-10T16:58:00,1789059480,cont,1,77167.64,77031.85,77276.27,77276.27,tp,2.1726,2,13,77155.27,5.429999999993015,135.7899999999936,0.03998821709988417,50.36999999999534,60.50999999999476,0.832424392662365,0.8325896546024536,0.2606398061506297,101.11000000000058,387.92999999994936,0,101.11000000000058,-0.015910970394347336,3,1,2,4,51.279285714281805,57.470000000001164,2.6480478054352985,2.3627979815554347,241.95999999999185,444.25999999999476,530.5199999999895,0.2559564201161055,108.63199999999489
2026-09-10T22:36:00,1789079760,flip,-1,76919.0,77321.27,76597.18,76597.18,tp,6.4363,1,0,76960.67,38.50999999999476,402.2700000000041,0.09573172247494063,52.41000000000349,58.34999999999127,0.8982005141390117,1.0,nan,nan,nan,nan,nan,0.22316605159258318,0,0,1,0,33.75785714285822,30.36500000000524,11.916336937432295,13.247818211754806,263.4499999999971,276.4899999999907,276.4899999999907,1.4549169951897631,321.81600000000327
2026-09-10T23:08:00,1789081680,cont,-1,76630.58,76855.89,76450.33,76450.33,tp,3.605,4,32,76673.15,52.65999999998894,225.30999999999767,0.23372242687847625,85.11999999999534,202.11999999999534,0.4211359588363215,0.5789629922817743,0.34909448591098174,301.66999999999825,864.1500000000669,0,301.66999999999825,0.38319673621360123,0,0,1,0,69.05500000000029,33.98999999999796,3.2627615668669425,6.628714327743783,364.77999999999884,415.8000000000029,663.2599999999948,0.33970087145312466,180.24799999999814
2026-09-11T01:00:00,1789088400,flip,1,76908.0,76845.49,76958.01,76958.01,tp,1.0002,1,0,76892.99,6.220000000001164,62.50999999999476,0.0995040793473314,13.950000000011642,48.94000000000233,0.2850429096855533,0.9329791581528671,nan,nan,nan,nan,nan,0.1726420834854583,1,0,1,1,42.75214285714277,45.43499999999767,1.462148931548842,1.37581159898752,201.86999999999534,258.8899999999994,379.33000000000175,0.1647905517623032,50.00799999999581
2026-09-11T01:21:00,1789089660,flip,-1,76794.68,76927.09,76688.75,76688.75,tp,2.1186,1,0,76804.81,26.839999999996508,132.4100000000035,0.20270372328370817,144.0899999999965,154.55999999999767,0.9322593167701778,0.9715320910973457,nan,nan,nan,nan,nan,-0.0036097335947381367,2,0,2,2,48.639285714286544,42.419999999998254,2.722285042954721,3.1214049976428324,189.79999999998836,210.0399999999936,326.8999999999942,0.40504741511167286,105.9280000000028
2026-09-11T02:04:00,1789092240,flip,1,76967.28,76885.31,77032.86,76884.36,sl,-1.6584,1,0,76944.61,14.229999999995925,81.97000000000116,0.17360009759662953,73.45999999999185,75.0399999999936,0.9789445628997617,0.9789445628997617,nan,nan,nan,nan,nan,-0.0030312588545360728,3,0,3,3,35.23857142856806,41.849999999998545,2.3261442412942923,1.9586618876942417,111.75999999999476,297.8600000000006,337.02999999999884,0.24321277037652864,65.57600000000093
2026-09-11T02:18:00,1789093080,flip,-1,76852.71,76955.41,76770.55,76770.55,tp,1.6432,1,0,76859.18,8.469999999986612,102.69999999999709,0.08247322297942407,14.239999999990687,34.06999999999243,0.4179630173171074,0.5201056648074713,nan,nan,nan,nan,nan,-0.0019893548353011638,4,0,4,4,43.33071428571254,42.2699999999968,2.3701432504162625,2.429619115211849,152.36000000000058,152.36000000000058,347.8399999999965,0.2952506899723957,82.15999999999768
2026-09-11T03:05:00,1789095900,cont,-1,76714.5,76898.72,76567.12,76901.56,sl,-3.7412,3,47,76738.57,23.530000000013388,184.22000000000116,0.12772771686034762,54.24000000000524,56.81999999999243,0.954593453009723,0.9547694473778111,0.1900965405147834,135.6700000000128,713.6900000000896,2,45.2233333333376,0.22478056471537633,4,1,3,5,36.08714285714398,34.36999999999534,5.104865207236325,5.359906895549203,177.16999999999825,189.92999999999302,248.20999999999185,0.7421941098263858,147.37600000000094
2026-09-11T04:20:00,1789100400,flip,1,77000.92,76864.61,77109.97,77109.97,tp,2.181,1,0,76970.11,23.69999999999709,136.30999999999767,0.1738683882326865,43.94000000000233,62.820000000006985,0.6994587710919682,0.9352117160139043,nan,nan,nan,nan,nan,0.15567478689801695,2,1,1,3,40.1971428571456,33.830000000001746,3.391037031771692,4.029263966893013,133.27000000000407,259.2300000000105,331.4400000000023,0.41126599082789256,109.04799999999814
2026-09-11T05:44:00,1789105440,cont,1,77167.37,77031.19,77276.31,77276.31,tp,2.1789,2,84,77153.51,6.650000000008731,136.17999999999302,0.04883242766932789,3.970000000001164,27.0,0.14703703703708015,0.5529629629632432,0.12580828133864005,166.35000000000582,1322.2499999999127,0,166.35000000000582,0.10443037974685108,1,0,1,1,28.62428571428609,24.510000000002037,4.757498627538746,5.556099551202844,133.01999999998952,133.01999999998952,144.51999999998952,0.9422917243288326,108.94399999999442
2026-09-11T08:08:00,1789114080,flip,-1,77119.71,77362.18,76925.73,77362.77,sl,-4.8612,1,0,77139.61,18.50999999999476,242.4699999999866,0.07633934094937841,22.019999999989523,25.130000000004657,0.87624353362457,0.9494627934737827,nan,nan,nan,nan,nan,0.2230629931444593,1,0,1,1,27.811428571426536,22.7300000000032,8.718358331621278,10.667399912008467,124.09999999999127,126.81999999999243,261.16999999999825,0.9283991270053538,193.9759999999893
2026-09-11T09:34:00,1789119240,cont,-1,77058.53,77474.31,76725.91,76725.91,tp,6.6525,2,86,77103.26,41.029999999998836,415.77999999999884,0.09868199528596602,61.94999999999709,67.01999999998952,0.9243509400180062,0.9243509400180062,0.039215033206556185,58.870000000009895,1501.20999999989,2,19.62333333333663,0.35749801830372413,1,1,1,2,25.82642857142907,21.705000000001746,16.0990126393226,19.155954849111513,200.19000000000233,245.22000000000116,350.5899999999965,1.1859436949142959,332.6239999999991
2026-09-11T11:57:00,1789127820,flip,1,76979.59,76851.81,77081.81,77081.81,tp,2.0445,1,0,76967.96,5.1599999999889405,127.77999999999884,0.040381906401541615,21.529999999998836,39.70000000001164,0.5423173803524565,0.8753148614607005,nan,nan,nan,nan,nan,-0.02352976440261883,1,0,1,1,41.29928571428796,38.1050000000032,3.094000242134742,3.3533657000390527,132.6700000000128,229.54000000000815,300.75,0.42487115544471765,102.22399999999908
