ticket,order,position_id,time,time_msc,type,entry,magic,volume,price,profit,commission,swap,fee,comment,reason,symbol
127275128,0,0,2026-09-08T19:32:29+00:00,1788895949553,2,0,0,0.0,0.0,200.0,0.0,0.0,0.0,D-ALLINT-USD-INT-1053874233349,0,
127285075,133722822,133722822,2026-09-08T20:11:10+00:00,1788898270267,0,0,909101,0.02,78615.51,0.0,0.0,0.0,0.0,KL-BOS,3,BTCUSD
127320061,0,133722822,2026-09-09T01:12:30+00:00,1788916350382,1,1,909101,0.02,78854.15,4.77,0.0,0.0,0.0,[tp 78854.15000],5,BTCUSD
127324425,133762968,133762968,2026-09-09T01:38:00+00:00,1788917880725,0,0,909101,0.02,78873.1,0.0,0.0,0.0,0.0,KL-BOS,3,BTCUSD
127335707,133774070,133762968,2026-09-09T03:10:27+00:00,1788923427794,1,1,909101,0.02,78621.82,-5.02,0.0,0.0,0.0,[sl 78621.82],4,BTCUSD
127337143,133775535,133775535,2026-09-09T03:27:01+00:00,1788924421527,1,0,909101,0.05,78533.91,0.0,0.0,0.0,0.0,KL-BOS,3,BTCUSD
127338085,0,133775535,2026-09-09T03:41:00+00:00,1788925260989,0,1,909101,0.05,78621.98,-4.4,0.0,0.0,0.0,[sl 78621.33000],4,BTCUSD
127339620,133778029,133778029,2026-09-09T04:01:01+00:00,1788926461553,0,0,909101,0.03,78769.73,0.0,0.0,0.0,0.0,KL-BOS,3,BTCUSD
127340067,0,133778029,2026-09-09T04:04:28+00:00,1788926668293,1,1,909101,0.03,78922.12,4.57,0.0,0.0,0.0,[tp 78922.12000],5,BTCUSD
127345056,133783244,133783244,2026-09-09T04:44:01+00:00,1788929041476,0,0,909101,0.02,79155.33,0.0,0.0,0.0,0.0,KL-BOS,3,BTCUSD
127397983,0,133783244,2026-09-09T08:09:40+00:00,1788941380225,1,1,909101,0.02,79498.66,6.86,0.0,0.0,0.0,[tp 79498.66000],5,BTCUSD
127454411,133892615,133892615,2026-09-09T11:02:02+00:00,1788951722362,1,0,909101,0.02,78830.02,0.0,0.0,0.0,0.0,KL-BOS,3,BTCUSD
127471112,133908659,133892615,2026-09-09T11:49:06+00:00,1788954546536,0,1,909101,0.02,79158.94,-6.58,0.0,0.0,0.0,[sl 79157.76],4,BTCUSD
127493996,133930808,133930808,2026-09-09T12:32:01+00:00,1788957121218,0,0,909101,0.04,79468.33,0.0,0.0,0.0,0.0,KL-BOS,3,BTCUSD
127502200,0,133930808,2026-09-09T12:50:01+00:00,1788958201821,1,1,909101,0.04,79614.64,5.86,0.0,0.0,0.0,[tp 79614.64000],5,BTCUSD
127527491,133962972,133962972,2026-09-09T13:32:35+00:00,1788960755232,0,0,909101,0.04,79669.32,0.0,0.0,0.0,0.0,KL-BOS,3,BTCUSD
127528296,133963769,133963769,2026-09-09T13:33:41+00:00,1788960821189,0,0,909101,0.02,79549.95,0.0,0.0,0.0,0.0,KL-BOS-ADD,3,BTCUSD
127530059,0,133962972,2026-09-09T13:36:03+00:00,1788960963866,1,1,909101,0.04,79434.15,-9.4,0.0,0.0,0.0,[sl 79434.15000],4,BTCUSD
127530062,133965505,133963769,2026-09-09T13:36:03+00:00,1788960963875,1,1,909101,0.02,79431.61,-2.37,0.0,0.0,0.0,[sl 79434.15],4,BTCUSD
127535895,133971160,133971160,2026-09-09T13:43:02+00:00,1788961382116,1,0,909101,0.02,79145.03,0.0,0.0,0.0,0.0,KL-BOS,3,BTCUSD
127547413,0,133971160,2026-09-09T14:01:25+00:00,1788962485875,0,1,909101,0.02,78955.79,3.7800000000000002,0.0,0.0,0.0,[tp 78955.79000],5,BTCUSD
127553766,133988611,133988611,2026-09-09T14:11:46+00:00,1788963106314,1,0,909101,0.02,78886.41,0.0,0.0,0.0,0.0,KL-BOS,3,BTCUSD
127563114,133997561,133988611,2026-09-09T14:28:43+00:00,1788964123149,0,1,909101,0.02,79192.64,-6.12,0.0,0.0,0.0,[sl 79192.27],4,BTCUSD
127577017,134010883,134010883,2026-09-09T15:01:33+00:00,1788966093211,1,0,909101,0.02,78869.93000000001,0.0,0.0,0.0,0.0,KL-BOS,3,BTCUSD
127585343,0,134010883,2026-09-09T15:07:14+00:00,1788966434097,0,1,909101,0.02,78456.73,8.27,0.0,0.0,0.0,[tp 78456.73000],5,BTCUSD
127596049,134028411,134028411,2026-09-09T15:22:01+00:00,1788967321701,1,0,909101,0.02,78260.96,0.0,0.0,0.0,0.0,KL-BOS,3,BTCUSD
127604883,134036806,134028411,2026-09-09T15:35:01+00:00,1788968101279,0,1,909101,0.02,78610.91,-7.0,0.0,0.0,0.0,[sl 78610.91],4,BTCUSD
127614015,134048116,134048116,2026-09-09T16:04:01+00:00,1788969841204,0,0,909101,0.02,78728.21,0.0,0.0,0.0,0.0,KL-BOS,3,BTCUSD
127616140,0,134048116,2026-09-09T16:08:56+00:00,1788970136322,1,1,909101,0.02,78529.86,-3.96,0.0,0.0,0.0,[sl 78530.93000],4,BTCUSD
127620039,134053948,134053948,2026-09-09T16:23:02+00:00,1788970982296,1,0,909101,0.02,78468.13,0.0,0.0,0.0,0.0,KL-BOS,3,BTCUSD
127622144,0,134053948,2026-09-09T16:30:22+00:00,1788971422955,0,1,909101,0.02,78653.26,-3.71,0.0,0.0,0.0,[sl 78653.26000],4,BTCUSD
127672694,134106776,134106776,2026-09-09T21:06:02+00:00,1788987962436,0,0,909101,0.02,78330.27,0.0,0.0,0.0,0.0,KL-BOS,3,BTCUSD
127673918,0,134106776,2026-09-09T21:50:01+00:00,1788990601115,1,1,909101,0.02,78079.15000000001,-5.03,0.0,0.0,0.0,[sl 78080.22000],4,BTCUSD
127675516,134109640,134109640,2026-09-09T22:08:02+00:00,1788991682733,1,0,909101,0.02,77921.62,0.0,0.0,0.0,0.0,KL-BOS,3,BTCUSD
127681847,134115914,134109640,2026-09-09T23:10:17+00:00,1788995417182,0,1,909101,0.02,78181.3,-5.2,0.0,0.0,0.0,[sl 78179.64],4,BTCUSD
127697253,134130763,134130763,2026-09-10T01:06:02+00:00,1789002362187,0,0,909101,0.02,78371.02,0.0,0.0,0.0,0.0,KL-BOS,3,BTCUSD
127701963,0,134130763,2026-09-10T01:32:53+00:00,1789003973547,1,1,909101,0.02,78080.85,-5.8,0.0,0.0,0.0,[sl 78085.26000],4,BTCUSD
127715635,134148510,134148510,2026-09-10T03:03:24+00:00,1789009404560,0,0,909101,0.02,78430.96,0.0,0.0,0.0,0.0,KL-BOS,3,BTCUSD
127766304,0,134148510,2026-09-10T07:33:38+00:00,1789025618266,1,1,909101,0.02,77935.07,-9.92,0.0,0.0,0.0,[sl 77935.07000],4,BTCUSD
127822901,134254032,134254032,2026-09-10T10:34:02+00:00,1789036442009,1,0,909101,0.02,77806.64,0.0,0.0,0.0,0.0,KL-BOS,3,BTCUSD
127868872,0,134254032,2026-09-10T12:30:36+00:00,1789043436158,0,1,909101,0.02,77497.31,6.18,0.0,0.0,0.0,[tp 77497.31000],5,BTCUSD
127869213,134313118,134313118,2026-09-10T12:30:37+00:00,1789043437797,1,0,909101,0.02,77399.14,0.0,0.0,0.0,0.0,KL-BOS,3,BTCUSD
127886274,0,134313118,2026-09-10T12:38:57+00:00,1789043937653,0,1,909101,0.02,77037.97,7.22,0.0,0.0,0.0,[tp 77037.97000],5,BTCUSD
127959888,134406628,134406628,2026-09-10T14:29:02+00:00,1789050542369,0,0,909101,0.02,77344.38,0.0,0.0,0.0,0.0,KL-BOS,3,BTCUSD
127988994,134436769,134406628,2026-09-10T16:08:57+00:00,1789056537375,1,1,909101,0.02,76922.35,-8.44,0.0,0.0,0.0,[sl 76922.35],4,BTCUSD
127991765,134439393,134439393,2026-09-10T16:17:11+00:00,1789057031347,1,0,909101,0.02,76883.29000000001,0.0,0.0,0.0,0.0,KL-BOS,3,BTCUSD
127992515,134440105,134440105,2026-09-10T16:20:41+00:00,1789057241562,1,0,909101,0.01,76946.14,0.0,0.0,0.0,0.0,KL-BOS-ADD,3,BTCUSD
127992545,0,134439393,2026-09-10T16:20:48+00:00,1789057248033,0,1,909101,0.02,76984.78,-2.03,0.0,0.0,0.0,[sl 76972.69000],4,BTCUSD
127992546,0,134440105,2026-09-10T16:20:48+00:00,1789057248033,0,1,909101,0.01,76984.78,-0.39,0.0,0.0,0.0,[sl 76972.69000],4,BTCUSD
127995415,134442872,134442872,2026-09-10T16:34:14+00:00,1789058054992,1,0,909101,0.02,76844.36,0.0,0.0,0.0,0.0,KL-BOS,3,BTCUSD
127997617,134444936,134442872,2026-09-10T16:40:53+00:00,1789058453622,0,1,909101,0.02,77013.29,-3.38,0.0,0.0,0.0,[sl 77013.29],4,BTCUSD
127998895,134446182,134446182,2026-09-10T16:46:01+00:00,1789058761054,0,0,909101,0.02,77056.07,0.0,0.0,0.0,0.0,KL-BOS,3,BTCUSD
127999136,0,134446182,2026-09-10T16:47:05+00:00,1789058825571,1,1,909101,0.02,77158.38,2.05,0.0,0.0,0.0,[tp 77158.38000],5,BTCUSD
128001149,134448362,134448362,2026-09-10T16:58:35+00:00,1789059515045,0,0,909101,0.02,77163.43000000001,0.0,0.0,0.0,0.0,KL-BOS,3,BTCUSD
128006208,0,134448362,2026-09-10T17:25:10+00:00,1789061110293,1,1,909101,0.02,77268.13,2.09,0.0,0.0,0.0,[tp 77268.13000],5,BTCUSD
128057283,134504272,134504272,2026-09-10T22:37:01+00:00,1789079821480,1,0,909101,0.02,76915.65000000001,0.0,0.0,0.0,0.0,KL-BOS,3,BTCUSD
128061261,0,134504272,2026-09-10T23:08:54+00:00,1789081734310,0,1,909101,0.02,76596.72,6.38,0.0,0.0,0.0,[tp 76596.72000],5,BTCUSD
128061378,134508368,134508368,2026-09-10T23:08:55+00:00,1789081735352,1,0,909101,0.02,76603.71,0.0,0.0,0.0,0.0,KL-BOS,3,BTCUSD
128074787,0,134508368,2026-09-11T00:54:17+00:00,1789088057920,0,1,909101,0.02,76855.89,-5.05,0.0,0.0,0.0,[sl 76855.89000],4,BTCUSD
128075683,134521978,134521978,2026-09-11T01:01:01+00:00,1789088461944,0,0,909101,0.02,76908.0,0.0,0.0,0.0,0.0,KL-BOS,3,BTCUSD
128076181,0,134521978,2026-09-11T01:02:18+00:00,1789088538504,1,1,909101,0.02,76956.84,0.98,0.0,0.0,0.0,[tp 76956.84000],5,BTCUSD
128080032,134526173,134526173,2026-09-11T01:22:28+00:00,1789089748361,1,0,909101,0.02,76760.72,0.0,0.0,0.0,0.0,KL-BOS,3,BTCUSD
128085690,0,134526173,2026-09-11T01:54:42+00:00,1789091682816,0,1,909101,0.02,76927.09,-3.33,0.0,0.0,0.0,[sl 76927.09000],4,BTCUSD
128087164,134533119,134533119,2026-09-11T02:05:02+00:00,1789092302072,0,0,909101,0.02,76965.92,0.0,0.0,0.0,0.0,KL-BOS,3,BTCUSD
128087483,0,134533119,2026-09-11T02:07:08+00:00,1789092428844,1,1,909101,0.02,76882.59,-1.67,0.0,0.0,0.0,[sl 76885.31000],4,BTCUSD
128088241,134534188,134534188,2026-09-11T02:14:22+00:00,1789092862961,0,0,909101,0.02,76966.33,0.0,0.0,0.0,0.0,KL-BOS,3,BTCUSD
128088557,134534506,134534188,2026-09-11T02:18:03+00:00,1789093083347,1,1,909101,0.02,76858.88,-2.15,0.0,0.0,0.0,[sl 76859.18],4,BTCUSD
128088650,134534592,134534592,2026-09-11T02:19:01+00:00,1789093141779,1,0,909101,0.02,76852.71,0.0,0.0,0.0,0.0,KL-BOS,3,BTCUSD
128089838,0,134534592,2026-09-11T02:26:45+00:00,1789093605616,0,1,909101,0.02,76767.38,1.7,0.0,0.0,0.0,[tp 76767.38000],5,BTCUSD
128095303,134540981,134540981,2026-09-11T03:05:27+00:00,1789095927415,1,0,909101,0.02,76741.62,0.0,0.0,0.0,0.0,KL-BOS,3,BTCUSD
128103924,0,134540981,2026-09-11T04:01:13+00:00,1789099273436,0,1,909101,0.02,76901.56,-3.2,0.0,0.0,0.0,[sl 76898.72000],4,BTCUSD
128108531,134553455,134553455,2026-09-11T04:21:47+00:00,1789100507903,0,0,909101,0.02,76981.16,0.0,0.0,0.0,0.0,KL-BOS,3,BTCUSD
128109309,0,134553455,2026-09-11T04:25:48+00:00,1789100748216,1,1,909101,0.02,77075.35,1.8900000000000001,0.0,0.0,0.0,[tp 77075.35000],5,BTCUSD
128123921,134568314,134568314,2026-09-11T05:39:18+00:00,1789105158306,0,0,909101,0.02,77165.21,0.0,0.0,0.0,0.0,KL-BOS,3,BTCUSD
128134576,0,134568314,2026-09-11T06:13:02+00:00,1789107182045,1,1,909101,0.02,77272.54,2.15,0.0,0.0,0.0,[tp 77272.54000],5,BTCUSD
128164535,134610171,134610171,2026-09-11T08:09:01+00:00,1789114141865,1,0,909101,0.02,77119.62,0.0,0.0,0.0,0.0,KL-BOS,3,BTCUSD
128170518,0,134610171,2026-09-11T08:24:16+00:00,1789115056168,0,1,909101,0.02,77374.05,-5.09,0.0,0.0,0.0,[sl 77362.18000],4,BTCUSD
128191008,134635626,134635626,2026-09-11T09:34:05+00:00,1789119245742,1,0,909101,0.02,77083.75,0.0,0.0,0.0,0.0,KL-BOS,3,BTCUSD
128215271,0,134635626,2026-09-11T11:09:40+00:00,1789124980851,0,1,909101,0.02,76771.3,6.25,0.0,0.0,0.0,[tp 76771.30000],5,BTCUSD
128226515,134674031,134674031,2026-09-11T11:58:29+00:00,1789127909910,0,0,909101,0.02,76996.76,0.0,0.0,0.0,0.0,KL-BOS,3,BTCUSD
128227391,0,134674031,2026-09-11T12:02:51+00:00,1789128171876,1,1,909101,0.02,77079.67,1.65,0.0,0.0,0.0,[tp 77079.67000],5,BTCUSD
128236529,134697777,134697777,2026-09-11T12:29:33+00:00,1789129773676,0,0,909101,0.02,77325.09,0.0,0.0,0.0,0.0,KL-BOS,3,BTCUSD
128238358,0,134697777,2026-09-11T12:30:02+00:00,1789129802247,1,1,909101,0.02,76862.31,-9.25,0.0,0.0,0.0,[sl 76862.31000],4,BTCUSD
