position_id,entry_type,dir,volume,open_time,open_price,entry_slip_pts,order_lag_s,sl_log,tp_log,risk_log,close_time,close_price,exit_kind,exit_level,exit_slip_pts,profit,commission,swap,net,hold_min,reason,close_comment
133722822,BOS,BUY,0.02,2026-09-08T20:11:10+00:00,78615.51,1.73,1.7,78313.32,78854.15,6.01,2026-09-09T01:12:30+00:00,78854.15,tp,78854.15,0.0,4.77,0.0,0.0,4.77,301.3,5,[tp 78854.15000]
133762968,BOS,BUY,0.02,2026-09-09T01:38:00+00:00,78873.1,0.0,2.8,78621.82,79074.12,5.03,2026-09-09T03:10:27+00:00,78621.82,sl,78621.82,0.0,-5.02,0.0,0.0,-5.02,92.5,4,[sl 78621.82]
133775535,BOS,SELL,0.05,2026-09-09T03:27:01+00:00,78533.91,-4.91,2.8,78621.33,78455.14,4.62,2026-09-09T03:41:00+00:00,78621.98,sl,78621.33,-0.65,-4.4,0.0,0.0,-4.4,14.0,4,[sl 78621.33000]
133778029,BOS,BUY,0.03,2026-09-09T04:01:01+00:00,78769.73,-2.47,2.9,78584.8,78922.12,5.62,2026-09-09T04:04:28+00:00,78922.12,tp,78922.12,0.0,4.57,0.0,0.0,4.57,3.5,5,[tp 78922.12000]
133783244,BOS,BUY,0.02,2026-09-09T04:44:01+00:00,79155.33,-2.11,2.9,78730.91,79498.66,8.53,2026-09-09T08:09:40+00:00,79498.66,tp,79498.66,0.0,6.86,0.0,0.0,6.86,205.7,5,[tp 79498.66000]
133892615,FLIP-BOS,SELL,0.02,2026-09-09T11:02:02+00:00,78830.02,-0.0,0.7,79157.76,78567.83,6.55,2026-09-09T11:49:06+00:00,79158.94,sl,79157.76,-1.18,-6.58,0.0,0.0,-6.58,47.1,4,[sl 79157.76]
133930808,FLIP-BOS,BUY,0.04,2026-09-09T12:32:01+00:00,79468.33,0.0,0.8,79285.44,79614.64,7.32,2026-09-09T12:50:01+00:00,79614.64,tp,79614.64,0.0,5.86,0.0,0.0,5.86,18.0,5,[tp 79614.64000]
133962972,TOUCH,BUY,0.04,2026-09-09T13:32:35+00:00,79669.32,-0.1,0.9,79434.15,79857.64,9.41,2026-09-09T13:36:03+00:00,79434.15,sl,79434.15,0.0,-9.4,0.0,0.0,-9.4,3.5,4,[sl 79434.15000]
133963769,ADD,BUY,0.02,2026-09-09T13:33:41+00:00,79549.95,,,,,,2026-09-09T13:36:03+00:00,79431.61,sl,79434.15,-2.54,-2.37,0.0,0.0,-2.37,2.4,4,[sl 79434.15]
133971160,FLIP-BOS,SELL,0.02,2026-09-09T13:43:02+00:00,79145.03,29.39,1.0,79447.71,78955.79,5.47,2026-09-09T14:01:25+00:00,78955.79,tp,78955.79,-0.0,3.7800000000000002,0.0,0.0,3.78,18.4,5,[tp 78955.79000]
133988611,TOUCH,SELL,0.02,2026-09-09T14:11:46+00:00,78886.41,-0.0,1.0,79192.27,78641.72,6.12,2026-09-09T14:28:43+00:00,79192.64,sl,79192.27,-0.37,-6.12,0.0,0.0,-6.12,16.9,4,[sl 79192.27]
134010883,TOUCH,SELL,0.02,2026-09-09T15:01:33+00:00,78869.93000000001,-6.41,1.1,79372.01,78456.73,10.17,2026-09-09T15:07:14+00:00,78456.73,tp,78456.73,-0.0,8.27,0.0,0.0,8.27,5.7,5,[tp 78456.73000]
134028411,TOUCH,SELL,0.02,2026-09-09T15:22:01+00:00,78260.96,-43.33,1.7,78610.91,77903.01,7.87,2026-09-09T15:35:01+00:00,78610.91,sl,78610.91,-0.0,-7.0,0.0,0.0,-7.0,13.0,4,[sl 78610.91]
134048116,FLIP-BOS,BUY,0.02,2026-09-09T16:04:01+00:00,78728.21,1.05,1.2,78530.93,78884.14,3.92,2026-09-09T16:08:56+00:00,78529.86,sl,78530.93,-1.07,-3.96,0.0,0.0,-3.96,4.9,4,[sl 78530.93000]
134053948,FLIP-BOS,SELL,0.02,2026-09-09T16:23:02+00:00,78468.13,0.03,1.3,78653.26,78320.08,3.7,2026-09-09T16:30:22+00:00,78653.26,sl,78653.26,-0.0,-3.71,0.0,0.0,-3.71,7.3,4,[sl 78653.26000]
134106776,FLIP-BOS,BUY,0.02,2026-09-09T21:06:02+00:00,78330.27,-0.03,1.9,78080.22,78530.36,5.0,2026-09-09T21:50:01+00:00,78079.15000000001,sl,78080.22,-1.07,-5.03,0.0,0.0,-5.03,44.0,4,[sl 78080.22000]
134109640,FLIP-BOS,SELL,0.02,2026-09-09T22:08:02+00:00,77921.62,19.39,2.4,78179.64,77750.11,4.77,2026-09-09T23:10:17+00:00,78181.3,sl,78179.64,-1.66,-5.2,0.0,0.0,-5.2,62.2,4,[sl 78179.64]
134130763,FLIP-BOS,BUY,0.02,2026-09-10T01:06:02+00:00,78371.02,-2.91,2.1,78085.26,78604.87,5.77,2026-09-10T01:32:53+00:00,78080.85,sl,78085.26,-4.41,-5.8,0.0,0.0,-5.8,26.9,4,[sl 78085.26000]
134148510,TOUCH,BUY,0.02,2026-09-10T03:03:24+00:00,78430.96,-2.97,2.8,77935.07,78833.02,9.98,2026-09-10T07:33:38+00:00,77935.07,sl,77935.07,0.0,-9.92,0.0,0.0,-9.92,270.2,4,[sl 77935.07000]
134254032,FLIP-BOS,SELL,0.02,2026-09-10T10:34:02+00:00,77806.64,4.81,0.4,78204.12,77497.31,7.85,2026-09-10T12:30:36+00:00,77497.31,tp,77497.31,-0.0,6.18,0.0,0.0,6.18,116.6,5,[tp 77497.31000]
134313118,TOUCH,SELL,0.02,2026-09-10T12:30:37+00:00,77399.14,-20.58,1.5,77804.3,77037.97,8.51,2026-09-10T12:38:57+00:00,77037.97,tp,77037.97,-0.0,7.22,0.0,0.0,7.22,8.3,5,[tp 77037.97000]
134406628,FLIP-BOS,BUY,0.02,2026-09-10T14:29:02+00:00,77344.38,0.07,1.2,76922.35,77681.88,8.44,2026-09-10T16:08:57+00:00,76922.35,sl,76922.35,0.0,-8.44,0.0,0.0,-8.44,99.9,4,[sl 76922.35]
134439393,TOUCH,SELL,0.02,2026-09-10T16:17:11+00:00,76883.29000000001,-3.92,1.5,76972.69,76804.71,1.87,2026-09-10T16:20:48+00:00,76984.78,sl,76972.69,-12.09,-2.03,0.0,0.0,-2.03,3.6,4,[sl 76972.69000]
134440105,ADD,SELL,0.01,2026-09-10T16:20:41+00:00,76946.14,,,,,,2026-09-10T16:20:48+00:00,76984.78,sl,76972.69,-12.09,-0.39,0.0,0.0,-0.39,0.1,4,[sl 76972.69000]
134442872,TOUCH,SELL,0.02,2026-09-10T16:34:14+00:00,76844.36,-11.14,2.1,77013.29,76689.16,3.6,2026-09-10T16:40:53+00:00,77013.29,sl,77013.29,-0.0,-3.38,0.0,0.0,-3.38,6.7,4,[sl 77013.29]
134446182,FLIP-BOS,BUY,0.02,2026-09-10T16:46:01+00:00,77056.07,0.0,1.2,76928.18,77158.38,2.56,2026-09-10T16:47:05+00:00,77158.38,tp,77158.38,0.0,2.05,0.0,0.0,2.05,1.1,5,[tp 77158.38000]
134448362,TOUCH,BUY,0.02,2026-09-10T16:58:35+00:00,77163.43000000001,0.31,1.2,77031.86,77268.13,2.63,2026-09-10T17:25:10+00:00,77268.13,tp,77268.13,0.0,2.09,0.0,0.0,2.09,26.6,5,[tp 77268.13000]
134504272,FLIP-BOS,SELL,0.02,2026-09-10T22:37:01+00:00,76915.65000000001,3.09,2.2,77321.27,76596.72,8.05,2026-09-10T23:08:54+00:00,76596.72,tp,76596.72,-0.0,6.38,0.0,0.0,6.38,31.9,5,[tp 76596.72000]
134508368,TOUCH,SELL,0.02,2026-09-10T23:08:55+00:00,76603.71,-28.53,2.2,76855.89,76350.61,5.61,2026-09-11T00:54:17+00:00,76855.89,sl,76855.89,-0.0,-5.05,0.0,0.0,-5.05,105.4,4,[sl 76855.89000]
134521978,FLIP-BOS,BUY,0.02,2026-09-11T01:01:01+00:00,76908.0,0.65,2.2,76845.49,76956.84,1.24,2026-09-11T01:02:18+00:00,76956.84,tp,76956.84,0.0,0.98,0.0,0.0,0.98,1.3,5,[tp 76956.84000]
134526173,FLIP-BOS,SELL,0.02,2026-09-11T01:22:28+00:00,76760.72,-0.33,11.7,76927.09,76627.03,3.33,2026-09-11T01:54:42+00:00,76927.09,sl,76927.09,-0.0,-3.33,0.0,0.0,-3.33,32.2,4,[sl 76927.09000]
134533119,FLIP-BOS,BUY,0.02,2026-09-11T02:05:02+00:00,76965.92,1.03,1.4,76885.31,77028.55,1.59,2026-09-11T02:07:08+00:00,76882.59,sl,76885.31,-2.72,-1.67,0.0,0.0,-1.67,2.1,4,[sl 76885.31000]
134534188,TOUCH,BUY,0.02,2026-09-11T02:14:22+00:00,76966.33,-1.36,2.4,76859.18,77054.5,2.17,2026-09-11T02:18:03+00:00,76858.88,sl,76859.18,-0.3,-2.15,0.0,0.0,-2.15,3.7,4,[sl 76859.18]
134534592,FLIP-BOS,SELL,0.02,2026-09-11T02:19:01+00:00,76852.71,-1.76,2.1,76955.41,76767.38,2.09,2026-09-11T02:26:45+00:00,76767.38,tp,76767.38,-0.0,1.7,0.0,0.0,1.7,7.7,5,[tp 76767.38000]
134540981,TOUCH,SELL,0.02,2026-09-11T03:05:27+00:00,76741.62,-3.47,2.2,76898.72,76609.69,3.21,2026-09-11T04:01:13+00:00,76901.56,sl,76898.72,-2.84,-3.2,0.0,0.0,-3.2,55.8,4,[sl 76898.72000]
134553455,FLIP-BOS,BUY,0.02,2026-09-11T04:21:47+00:00,76981.16,-0.53,2.9,76864.61,77075.35,2.34,2026-09-11T04:25:48+00:00,77075.35,tp,77075.35,0.0,1.8900000000000001,0.0,0.0,1.89,4.0,5,[tp 77075.35000]
134568314,TOUCH,BUY,0.02,2026-09-11T05:39:18+00:00,77165.21,0.0,2.0,77031.05,77272.54,2.68,2026-09-11T06:13:02+00:00,77272.54,tp,77272.54,0.0,2.15,0.0,0.0,2.15,33.7,5,[tp 77272.54000]
134610171,FLIP-BOS,SELL,0.02,2026-09-11T08:09:01+00:00,77119.62,-0.0,2.9,77362.18,76925.57,4.85,2026-09-11T08:24:16+00:00,77374.05,sl,77362.18,-11.87,-5.09,0.0,0.0,-5.09,15.2,4,[sl 77362.18000]
134635626,TOUCH,SELL,0.02,2026-09-11T09:34:05+00:00,77083.75,-0.0,2.9,77474.31,76771.3,7.81,2026-09-11T11:09:40+00:00,76771.3,tp,76771.3,-0.0,6.25,0.0,0.0,6.25,95.6,5,[tp 76771.30000]
134674031,FLIP-BOS,BUY,0.02,2026-09-11T11:58:29+00:00,76996.76,18.36,12.8,76851.81,77079.67,2.53,2026-09-11T12:02:51+00:00,77079.67,tp,77079.67,0.0,1.65,0.0,0.0,1.65,4.4,5,[tp 77079.67000]
134697777,TOUCH,BUY,0.02,2026-09-11T12:29:33+00:00,77325.09,155.02,1.2,76862.31,77416.28,6.16,2026-09-11T12:30:02+00:00,76862.31,sl,76862.31,0.0,-9.25,0.0,0.0,-9.25,0.5,4,[sl 76862.31000]
